id,name,state,census_region
1001,Autauga County,AL,South
1003,Baldwin County,AL,South
1005,Barbour County,AL,South
1007,Bibb County,AL,South
1009,Blount County,AL,South
1011,Bullock County,AL,South
1013,Butler County,AL,South
1015,Calhoun County,AL,South
1017,Chambers County,AL,South
1019,Cherokee County,AL,South
1021,Chilton County,AL,South
1023,Choctaw County,AL,South
1025,Clarke County,AL,South
1027,Clay County,AL,South
1029,Cleburne County,AL,South
1031,Coffee County,AL,South
1033,Colbert County,AL,South
1035,Conecuh County,AL,South
1037,Coosa County,AL,South
1039,Covington County,AL,South
1041,Crenshaw County,AL,South
1043,Cullman County,AL,South
1045,Dale County,AL,South
1047,Dallas County,AL,South
1049,DeKalb County,AL,South
1051,Elmore County,AL,South
1053,Escambia County,AL,South
1055,Etowah County,AL,South
1057,Fayette County,AL,South
1059,Franklin County,AL,South
1061,Geneva County,AL,South
1063,Greene County,AL,South
1065,Hale County,AL,South
1067,Henry County,AL,South
1069,Houston County,AL,South
1071,Jackson County,AL,South
1073,Jefferson County,AL,South
1075,Lamar County,AL,South
1077,Lauderdale County,AL,South
1079,Lawrence County,AL,South
1081,Lee County,AL,South
1083,Limestone County,AL,South
1085,Lowndes County,AL,South
1087,Macon County,AL,South
1089,Madison County,AL,South
1091,Marengo County,AL,South
1093,Marion County,AL,South
1095,Marshall County,AL,South
1097,Mobile County,AL,South
1099,Monroe County,AL,South
1101,Montgomery County,AL,South
1103,Morgan County,AL,South
1105,Perry County,AL,South
1107,Pickens County,AL,South
1109,Pike County,AL,South
1111,Randolph County,AL,South
1113,Russell County,AL,South
1115,St. Clair County,AL,South
1117,Shelby County,AL,South
1119,Sumter County,AL,South
1121,Talladega County,AL,South
1123,Tallapoosa County,AL,South
1125,Tuscaloosa County,AL,South
1127,Walker County,AL,South
1129,Washington County,AL,South
1131,Wilcox County,AL,South
1133,Winston County,AL,South
2013,Aleutians East Borough,AK,West
2016,Aleutians West Census Area,AK,West
2020,Anchorage Municipality,AK,West
2050,Bethel Census Area,AK,West
2060,Bristol Bay Borough,AK,West
2068,Denali Borough,AK,West
2070,Dillingham Census Area,AK,West
2090,Fairbanks North Star Borough,AK,West
2100,Haines Borough,AK,West
2105,Hoonah-Angoon Census Area,AK,West
2110,Juneau City and Borough,AK,West
2122,Kenai Peninsula Borough,AK,West
2130,Ketchikan Gateway Borough,AK,West
2150,Kodiak Island Borough,AK,West
2164,Lake and Peninsula Borough,AK,West
2170,Matanuska-Susitna Borough,AK,West
2180,Nome Census Area,AK,West
2185,North Slope Borough,AK,West
2188,Northwest Arctic Borough,AK,West
2195,Petersburg Borough,AK,West
2198,Prince of Wales-Hyder Census Area,AK,West
2220,Sitka City and Borough,AK,West
2230,Skagway Municipality,AK,West
2240,Southeast Fairbanks Census Area,AK,West
2261,Valdez-Cordova Census Area,AK,West
2270,Wade Hampton Census Area,AK,West
2275,Wrangell City and Borough,AK,West
2282,Yakutat City and Borough,AK,West
2290,Yukon-Koyukuk Census Area,AK,West
4001,Apache County,AZ,West
4003,Cochise County,AZ,West
4005,Coconino County,AZ,West
4007,Gila County,AZ,West
4009,Graham County,AZ,West
4011,Greenlee County,AZ,West
4012,La Paz County,AZ,West
4013,Maricopa County,AZ,West
4015,Mohave County,AZ,West
4017,Navajo County,AZ,West
4019,Pima County,AZ,West
4021,Pinal County,AZ,West
4023,Santa Cruz County,AZ,West
4025,Yavapai County,AZ,West
4027,Yuma County,AZ,West
5001,Arkansas County,AR,South
5003,Ashley County,AR,South
5005,Baxter County,AR,South
5007,Benton County,AR,South
5009,Boone County,AR,South
5011,Bradley County,AR,South
5013,Calhoun County,AR,South
5015,Carroll County,AR,South
5017,Chicot County,AR,South
5019,Clark County,AR,South
5021,Clay County,AR,South
5023,Cleburne County,AR,South
5025,Cleveland County,AR,South
5027,Columbia County,AR,South
5029,Conway County,AR,South
5031,Craighead County,AR,South
5033,Crawford County,AR,South
5035,Crittenden County,AR,South
5037,Cross County,AR,South
5039,Dallas County,AR,South
5041,Desha County,AR,South
5043,Drew County,AR,South
5045,Faulkner County,AR,South
5047,Franklin County,AR,South
5049,Fulton County,AR,South
5051,Garland County,AR,South
5053,Grant County,AR,South
5055,Greene County,AR,South
5057,Hempstead County,AR,South
5059,Hot Spring County,AR,South
5061,Howard County,AR,South
5063,Independence County,AR,South
5065,Izard County,AR,South
5067,Jackson County,AR,South
5069,Jefferson County,AR,South
5071,Johnson County,AR,South
5073,Lafayette County,AR,South
5075,Lawrence County,AR,South
5077,Lee County,AR,South
5079,Lincoln County,AR,South
5081,Little River County,AR,South
5083,Logan County,AR,South
5085,Lonoke County,AR,South
5087,Madison County,AR,South
5089,Marion County,AR,South
5091,Miller County,AR,South
5093,Mississippi County,AR,South
5095,Monroe County,AR,South
5097,Montgomery County,AR,South
5099,Nevada County,AR,South
5101,Newton County,AR,South
5103,Ouachita County,AR,South
5105,Perry County,AR,South
5107,Phillips County,AR,South
5109,Pike County,AR,South
5111,Poinsett County,AR,South
5113,Polk County,AR,South
5115,Pope County,AR,South
5117,Prairie County,AR,South
5119,Pulaski County,AR,South
5121,Randolph County,AR,South
5123,St. Francis County,AR,South
5125,Saline County,AR,South
5127,Scott County,AR,South
5129,Searcy County,AR,South
5131,Sebastian County,AR,South
5133,Sevier County,AR,South
5135,Sharp County,AR,South
5137,Stone County,AR,South
5139,Union County,AR,South
5141,Van Buren County,AR,South
5143,Washington County,AR,South
5145,White County,AR,South
5147,Woodruff County,AR,South
5149,Yell County,AR,South
6001,Alameda County,CA,West
6003,Alpine County,CA,West
6005,Amador County,CA,West
6007,Butte County,CA,West
6009,Calaveras County,CA,West
6011,Colusa County,CA,West
6013,Contra Costa County,CA,West
6015,Del Norte County,CA,West
6017,El Dorado County,CA,West
6019,Fresno County,CA,West
6021,Glenn County,CA,West
6023,Humboldt County,CA,West
6025,Imperial County,CA,West
6027,Inyo County,CA,West
6029,Kern County,CA,West
6031,Kings County,CA,West
6033,Lake County,CA,West
6035,Lassen County,CA,West
6037,Los Angeles County,CA,West
6039,Madera County,CA,West
6041,Marin County,CA,West
6043,Mariposa County,CA,West
6045,Mendocino County,CA,West
6047,Merced County,CA,West
6049,Modoc County,CA,West
6051,Mono County,CA,West
6053,Monterey County,CA,West
6055,Napa County,CA,West
6057,Nevada County,CA,West
6059,Orange County,CA,West
6061,Placer County,CA,West
6063,Plumas County,CA,West
6065,Riverside County,CA,West
6067,Sacramento County,CA,West
6069,San Benito County,CA,West
6071,San Bernardino County,CA,West
6073,San Diego County,CA,West
6075,San Francisco County,CA,West
6077,San Joaquin County,CA,West
6079,San Luis Obispo County,CA,West
6081,San Mateo County,CA,West
6083,Santa Barbara County,CA,West
6085,Santa Clara County,CA,West
6087,Santa Cruz County,CA,West
6089,Shasta County,CA,West
6091,Sierra County,CA,West
6093,Siskiyou County,CA,West
6095,Solano County,CA,West
6097,Sonoma County,CA,West
6099,Stanislaus County,CA,West
6101,Sutter County,CA,West
6103,Tehama County,CA,West
6105,Trinity County,CA,West
6107,Tulare County,CA,West
6109,Tuolumne County,CA,West
6111,Ventura County,CA,West
6113,Yolo County,CA,West
6115,Yuba County,CA,West
8001,Adams County,CO,West
8003,Alamosa County,CO,West
8005,Arapahoe County,CO,West
8007,Archuleta County,CO,West
8009,Baca County,CO,West
8011,Bent County,CO,West
8013,Boulder County,CO,West
8014,Broomfield County,CO,West
8015,Chaffee County,CO,West
8017,Cheyenne County,CO,West
8019,Clear Creek County,CO,West
8021,Conejos County,CO,West
8023,Costilla County,CO,West
8025,Crowley County,CO,West
8027,Custer County,CO,West
8029,Delta County,CO,West
8031,Denver County,CO,West
8033,Dolores County,CO,West
8035,Douglas County,CO,West
8037,Eagle County,CO,West
8039,Elbert County,CO,West
8041,El Paso County,CO,West
8043,Fremont County,CO,West
8045,Garfield County,CO,West
8047,Gilpin County,CO,West
8049,Grand County,CO,West
8051,Gunnison County,CO,West
8053,Hinsdale County,CO,West
8055,Huerfano County,CO,West
8057,Jackson County,CO,West
8059,Jefferson County,CO,West
8061,Kiowa County,CO,West
8063,Kit Carson County,CO,West
8065,Lake County,CO,West
8067,La Plata County,CO,West
8069,Larimer County,CO,West
8071,Las Animas County,CO,West
8073,Lincoln County,CO,West
8075,Logan County,CO,West
8077,Mesa County,CO,West
8079,Mineral County,CO,West
8081,Moffat County,CO,West
8083,Montezuma County,CO,West
8085,Montrose County,CO,West
8087,Morgan County,CO,West
8089,Otero County,CO,West
8091,Ouray County,CO,West
8093,Park County,CO,West
8095,Phillips County,CO,West
8097,Pitkin County,CO,West
8099,Prowers County,CO,West
8101,Pueblo County,CO,West
8103,Rio Blanco County,CO,West
8105,Rio Grande County,CO,West
8107,Routt County,CO,West
8109,Saguache County,CO,West
8111,San Juan County,CO,West
8113,San Miguel County,CO,West
8115,Sedgwick County,CO,West
8117,Summit County,CO,West
8119,Teller County,CO,West
8121,Washington County,CO,West
8123,Weld County,CO,West
8125,Yuma County,CO,West
9001,Fairfield County,CT,Northeast
9003,Hartford County,CT,Northeast
9005,Litchfield County,CT,Northeast
9007,Middlesex County,CT,Northeast
9009,New Haven County,CT,Northeast
9011,New London County,CT,Northeast
9013,Tolland County,CT,Northeast
9015,Windham County,CT,Northeast
10001,Kent County,DE,South
10003,New Castle County,DE,South
10005,Sussex County,DE,South
11001,District of Columbia,DC,South
12001,Alachua County,FL,South
12003,Baker County,FL,South
12005,Bay County,FL,South
12007,Bradford County,FL,South
12009,Brevard County,FL,South
12011,Broward County,FL,South
12013,Calhoun County,FL,South
12015,Charlotte County,FL,South
12017,Citrus County,FL,South
12019,Clay County,FL,South
12021,Collier County,FL,South
12023,Columbia County,FL,South
12027,DeSoto County,FL,South
12029,Dixie County,FL,South
12031,Duval County,FL,South
12033,Escambia County,FL,South
12035,Flagler County,FL,South
12037,Franklin County,FL,South
12039,Gadsden County,FL,South
12041,Gilchrist County,FL,South
12043,Glades County,FL,South
12045,Gulf County,FL,South
12047,Hamilton County,FL,South
12049,Hardee County,FL,South
12051,Hendry County,FL,South
12053,Hernando County,FL,South
12055,Highlands County,FL,South
12057,Hillsborough County,FL,South
12059,Holmes County,FL,South
12061,Indian River County,FL,South
12063,Jackson County,FL,South
12065,Jefferson County,FL,South
12067,Lafayette County,FL,South
12069,Lake County,FL,South
12071,Lee County,FL,South
12073,Leon County,FL,South
12075,Levy County,FL,South
12077,Liberty County,FL,South
12079,Madison County,FL,South
12081,Manatee County,FL,South
12083,Marion County,FL,South
12085,Martin County,FL,South
12086,Miami-Dade County,FL,South
12087,Monroe County,FL,South
12089,Nassau County,FL,South
12091,Okaloosa County,FL,South
12093,Okeechobee County,FL,South
12095,Orange County,FL,South
12097,Osceola County,FL,South
12099,Palm Beach County,FL,South
12101,Pasco County,FL,South
12103,Pinellas County,FL,South
12105,Polk County,FL,South
12107,Putnam County,FL,South
12109,St. Johns County,FL,South
12111,St. Lucie County,FL,South
12113,Santa Rosa County,FL,South
12115,Sarasota County,FL,South
12117,Seminole County,FL,South
12119,Sumter County,FL,South
12121,Suwannee County,FL,South
12123,Taylor County,FL,South
12125,Union County,FL,South
12127,Volusia County,FL,South
12129,Wakulla County,FL,South
12131,Walton County,FL,South
12133,Washington County,FL,South
13001,Appling County,GA,South
13003,Atkinson County,GA,South
13005,Bacon County,GA,South
13007,Baker County,GA,South
13009,Baldwin County,GA,South
13011,Banks County,GA,South
13013,Barrow County,GA,South
13015,Bartow County,GA,South
13017,Ben Hill County,GA,South
13019,Berrien County,GA,South
13021,Bibb County,GA,South
13023,Bleckley County,GA,South
13025,Brantley County,GA,South
13027,Brooks County,GA,South
13029,Bryan County,GA,South
13031,Bulloch County,GA,South
13033,Burke County,GA,South
13035,Butts County,GA,South
13037,Calhoun County,GA,South
13039,Camden County,GA,South
13043,Candler County,GA,South
13045,Carroll County,GA,South
13047,Catoosa County,GA,South
13049,Charlton County,GA,South
13051,Chatham County,GA,South
13053,Chattahoochee County,GA,South
13055,Chattooga County,GA,South
13057,Cherokee County,GA,South
13059,Clarke County,GA,South
13061,Clay County,GA,South
13063,Clayton County,GA,South
13065,Clinch County,GA,South
13067,Cobb County,GA,South
13069,Coffee County,GA,South
13071,Colquitt County,GA,South
13073,Columbia County,GA,South
13075,Cook County,GA,South
13077,Coweta County,GA,South
13079,Crawford County,GA,South
13081,Crisp County,GA,South
13083,Dade County,GA,South
13085,Dawson County,GA,South
13087,Decatur County,GA,South
13089,DeKalb County,GA,South
13091,Dodge County,GA,South
13093,Dooly County,GA,South
13095,Dougherty County,GA,South
13097,Douglas County,GA,South
13099,Early County,GA,South
13101,Echols County,GA,South
13103,Effingham County,GA,South
13105,Elbert County,GA,South
13107,Emanuel County,GA,South
13109,Evans County,GA,South
13111,Fannin County,GA,South
13113,Fayette County,GA,South
13115,Floyd County,GA,South
13117,Forsyth County,GA,South
13119,Franklin County,GA,South
13121,Fulton County,GA,South
13123,Gilmer County,GA,South
13125,Glascock County,GA,South
13127,Glynn County,GA,South
13129,Gordon County,GA,South
13131,Grady County,GA,South
13133,Greene County,GA,South
13135,Gwinnett County,GA,South
13137,Habersham County,GA,South
13139,Hall County,GA,South
13141,Hancock County,GA,South
13143,Haralson County,GA,South
13145,Harris County,GA,South
13147,Hart County,GA,South
13149,Heard County,GA,South
13151,Henry County,GA,South
13153,Houston County,GA,South
13155,Irwin County,GA,South
13157,Jackson County,GA,South
13159,Jasper County,GA,South
13161,Jeff Davis County,GA,South
13163,Jefferson County,GA,South
13165,Jenkins County,GA,South
13167,Johnson County,GA,South
13169,Jones County,GA,South
13171,Lamar County,GA,South
13173,Lanier County,GA,South
13175,Laurens County,GA,South
13177,Lee County,GA,South
13179,Liberty County,GA,South
13181,Lincoln County,GA,South
13183,Long County,GA,South
13185,Lowndes County,GA,South
13187,Lumpkin County,GA,South
13189,McDuffie County,GA,South
13191,McIntosh County,GA,South
13193,Macon County,GA,South
13195,Madison County,GA,South
13197,Marion County,GA,South
13199,Meriwether County,GA,South
13201,Miller County,GA,South
13205,Mitchell County,GA,South
13207,Monroe County,GA,South
13209,Montgomery County,GA,South
13211,Morgan County,GA,South
13213,Murray County,GA,South
13215,Muscogee County,GA,South
13217,Newton County,GA,South
13219,Oconee County,GA,South
13221,Oglethorpe County,GA,South
13223,Paulding County,GA,South
13225,Peach County,GA,South
13227,Pickens County,GA,South
13229,Pierce County,GA,South
13231,Pike County,GA,South
13233,Polk County,GA,South
13235,Pulaski County,GA,South
13237,Putnam County,GA,South
13239,Quitman County,GA,South
13241,Rabun County,GA,South
13243,Randolph County,GA,South
13245,Richmond County,GA,South
13247,Rockdale County,GA,South
13249,Schley County,GA,South
13251,Screven County,GA,South
13253,Seminole County,GA,South
13255,Spalding County,GA,South
13257,Stephens County,GA,South
13259,Stewart County,GA,South
13261,Sumter County,GA,South
13263,Talbot County,GA,South
13265,Taliaferro County,GA,South
13267,Tattnall County,GA,South
13269,Taylor County,GA,South
13271,Telfair County,GA,South
13273,Terrell County,GA,South
13275,Thomas County,GA,South
13277,Tift County,GA,South
13279,Toombs County,GA,South
13281,Towns County,GA,South
13283,Treutlen County,GA,South
13285,Troup County,GA,South
13287,Turner County,GA,South
13289,Twiggs County,GA,South
13291,Union County,GA,South
13293,Upson County,GA,South
13295,Walker County,GA,South
13297,Walton County,GA,South
13299,Ware County,GA,South
13301,Warren County,GA,South
13303,Washington County,GA,South
13305,Wayne County,GA,South
13307,Webster County,GA,South
13309,Wheeler County,GA,South
13311,White County,GA,South
13313,Whitfield County,GA,South
13315,Wilcox County,GA,South
13317,Wilkes County,GA,South
13319,Wilkinson County,GA,South
13321,Worth County,GA,South
15001,Hawaii County,HI,West
15003,Honolulu County,HI,West
15005,Kalawao County,HI,West
15007,Kauai County,HI,West
15009,Maui County,HI,West
16001,Ada County,ID,West
16003,Adams County,ID,West
16005,Bannock County,ID,West
16007,Bear Lake County,ID,West
16009,Benewah County,ID,West
16011,Bingham County,ID,West
16013,Blaine County,ID,West
16015,Boise County,ID,West
16017,Bonner County,ID,West
16019,Bonneville County,ID,West
16021,Boundary County,ID,West
16023,Butte County,ID,West
16025,Camas County,ID,West
16027,Canyon County,ID,West
16029,Caribou County,ID,West
16031,Cassia County,ID,West
16033,Clark County,ID,West
16035,Clearwater County,ID,West
16037,Custer County,ID,West
16039,Elmore County,ID,West
16041,Franklin County,ID,West
16043,Fremont County,ID,West
16045,Gem County,ID,West
16047,Gooding County,ID,West
16049,Idaho County,ID,West
16051,Jefferson County,ID,West
16053,Jerome County,ID,West
16055,Kootenai County,ID,West
16057,Latah County,ID,West
16059,Lemhi County,ID,West
16061,Lewis County,ID,West
16063,Lincoln County,ID,West
16065,Madison County,ID,West
16067,Minidoka County,ID,West
16069,Nez Perce County,ID,West
16071,Oneida County,ID,West
16073,Owyhee County,ID,West
16075,Payette County,ID,West
16077,Power County,ID,West
16079,Shoshone County,ID,West
16081,Teton County,ID,West
16083,Twin Falls County,ID,West
16085,Valley County,ID,West
16087,Washington County,ID,West
17001,Adams County,IL,Midwest
17003,Alexander County,IL,Midwest
17005,Bond County,IL,Midwest
17007,Boone County,IL,Midwest
17009,Brown County,IL,Midwest
17011,Bureau County,IL,Midwest
17013,Calhoun County,IL,Midwest
17015,Carroll County,IL,Midwest
17017,Cass County,IL,Midwest
17019,Champaign County,IL,Midwest
17021,Christian County,IL,Midwest
17023,Clark County,IL,Midwest
17025,Clay County,IL,Midwest
17027,Clinton County,IL,Midwest
17029,Coles County,IL,Midwest
17031,Cook County,IL,Midwest
17033,Crawford County,IL,Midwest
17035,Cumberland County,IL,Midwest
17037,DeKalb County,IL,Midwest
17039,De Witt County,IL,Midwest
17041,Douglas County,IL,Midwest
17043,DuPage County,IL,Midwest
17045,Edgar County,IL,Midwest
17047,Edwards County,IL,Midwest
17049,Effingham County,IL,Midwest
17051,Fayette County,IL,Midwest
17053,Ford County,IL,Midwest
17055,Franklin County,IL,Midwest
17057,Fulton County,IL,Midwest
17059,Gallatin County,IL,Midwest
17061,Greene County,IL,Midwest
17063,Grundy County,IL,Midwest
17065,Hamilton County,IL,Midwest
17067,Hancock County,IL,Midwest
17069,Hardin County,IL,Midwest
17071,Henderson County,IL,Midwest
17073,Henry County,IL,Midwest
17075,Iroquois County,IL,Midwest
17077,Jackson County,IL,Midwest
17079,Jasper County,IL,Midwest
17081,Jefferson County,IL,Midwest
17083,Jersey County,IL,Midwest
17085,Jo Daviess County,IL,Midwest
17087,Johnson County,IL,Midwest
17089,Kane County,IL,Midwest
17091,Kankakee County,IL,Midwest
17093,Kendall County,IL,Midwest
17095,Knox County,IL,Midwest
17097,Lake County,IL,Midwest
17099,LaSalle County,IL,Midwest
17101,Lawrence County,IL,Midwest
17103,Lee County,IL,Midwest
17105,Livingston County,IL,Midwest
17107,Logan County,IL,Midwest
17109,McDonough County,IL,Midwest
17111,McHenry County,IL,Midwest
17113,McLean County,IL,Midwest
17115,Macon County,IL,Midwest
17117,Macoupin County,IL,Midwest
17119,Madison County,IL,Midwest
17121,Marion County,IL,Midwest
17123,Marshall County,IL,Midwest
17125,Mason County,IL,Midwest
17127,Massac County,IL,Midwest
17129,Menard County,IL,Midwest
17131,Mercer County,IL,Midwest
17133,Monroe County,IL,Midwest
17135,Montgomery County,IL,Midwest
17137,Morgan County,IL,Midwest
17139,Moultrie County,IL,Midwest
17141,Ogle County,IL,Midwest
17143,Peoria County,IL,Midwest
17145,Perry County,IL,Midwest
17147,Piatt County,IL,Midwest
17149,Pike County,IL,Midwest
17151,Pope County,IL,Midwest
17153,Pulaski County,IL,Midwest
17155,Putnam County,IL,Midwest
17157,Randolph County,IL,Midwest
17159,Richland County,IL,Midwest
17161,Rock Island County,IL,Midwest
17163,St. Clair County,IL,Midwest
17165,Saline County,IL,Midwest
17167,Sangamon County,IL,Midwest
17169,Schuyler County,IL,Midwest
17171,Scott County,IL,Midwest
17173,Shelby County,IL,Midwest
17175,Stark County,IL,Midwest
17177,Stephenson County,IL,Midwest
17179,Tazewell County,IL,Midwest
17181,Union County,IL,Midwest
17183,Vermilion County,IL,Midwest
17185,Wabash County,IL,Midwest
17187,Warren County,IL,Midwest
17189,Washington County,IL,Midwest
17191,Wayne County,IL,Midwest
17193,White County,IL,Midwest
17195,Whiteside County,IL,Midwest
17197,Will County,IL,Midwest
17199,Williamson County,IL,Midwest
17201,Winnebago County,IL,Midwest
17203,Woodford County,IL,Midwest
18001,Adams County,IN,Midwest
18003,Allen County,IN,Midwest
18005,Bartholomew County,IN,Midwest
18007,Benton County,IN,Midwest
18009,Blackford County,IN,Midwest
18011,Boone County,IN,Midwest
18013,Brown County,IN,Midwest
18015,Carroll County,IN,Midwest
18017,Cass County,IN,Midwest
18019,Clark County,IN,Midwest
18021,Clay County,IN,Midwest
18023,Clinton County,IN,Midwest
18025,Crawford County,IN,Midwest
18027,Daviess County,IN,Midwest
18029,Dearborn County,IN,Midwest
18031,Decatur County,IN,Midwest
18033,DeKalb County,IN,Midwest
18035,Delaware County,IN,Midwest
18037,Dubois County,IN,Midwest
18039,Elkhart County,IN,Midwest
18041,Fayette County,IN,Midwest
18043,Floyd County,IN,Midwest
18045,Fountain County,IN,Midwest
18047,Franklin County,IN,Midwest
18049,Fulton County,IN,Midwest
18051,Gibson County,IN,Midwest
18053,Grant County,IN,Midwest
18055,Greene County,IN,Midwest
18057,Hamilton County,IN,Midwest
18059,Hancock County,IN,Midwest
18061,Harrison County,IN,Midwest
18063,Hendricks County,IN,Midwest
18065,Henry County,IN,Midwest
18067,Howard County,IN,Midwest
18069,Huntington County,IN,Midwest
18071,Jackson County,IN,Midwest
18073,Jasper County,IN,Midwest
18075,Jay County,IN,Midwest
18077,Jefferson County,IN,Midwest
18079,Jennings County,IN,Midwest
18081,Johnson County,IN,Midwest
18083,Knox County,IN,Midwest
18085,Kosciusko County,IN,Midwest
18087,LaGrange County,IN,Midwest
18089,Lake County,IN,Midwest
18091,LaPorte County,IN,Midwest
18093,Lawrence County,IN,Midwest
18095,Madison County,IN,Midwest
18097,Marion County,IN,Midwest
18099,Marshall County,IN,Midwest
18101,Martin County,IN,Midwest
18103,Miami County,IN,Midwest
18105,Monroe County,IN,Midwest
18107,Montgomery County,IN,Midwest
18109,Morgan County,IN,Midwest
18111,Newton County,IN,Midwest
18113,Noble County,IN,Midwest
18115,Ohio County,IN,Midwest
18117,Orange County,IN,Midwest
18119,Owen County,IN,Midwest
18121,Parke County,IN,Midwest
18123,Perry County,IN,Midwest
18125,Pike County,IN,Midwest
18127,Porter County,IN,Midwest
18129,Posey County,IN,Midwest
18131,Pulaski County,IN,Midwest
18133,Putnam County,IN,Midwest
18135,Randolph County,IN,Midwest
18137,Ripley County,IN,Midwest
18139,Rush County,IN,Midwest
18141,St. Joseph County,IN,Midwest
18143,Scott County,IN,Midwest
18145,Shelby County,IN,Midwest
18147,Spencer County,IN,Midwest
18149,Starke County,IN,Midwest
18151,Steuben County,IN,Midwest
18153,Sullivan County,IN,Midwest
18155,Switzerland County,IN,Midwest
18157,Tippecanoe County,IN,Midwest
18159,Tipton County,IN,Midwest
18161,Union County,IN,Midwest
18163,Vanderburgh County,IN,Midwest
18165,Vermillion County,IN,Midwest
18167,Vigo County,IN,Midwest
18169,Wabash County,IN,Midwest
18171,Warren County,IN,Midwest
18173,Warrick County,IN,Midwest
18175,Washington County,IN,Midwest
18177,Wayne County,IN,Midwest
18179,Wells County,IN,Midwest
18181,White County,IN,Midwest
18183,Whitley County,IN,Midwest
19001,Adair County,IA,Midwest
19003,Adams County,IA,Midwest
19005,Allamakee County,IA,Midwest
19007,Appanoose County,IA,Midwest
19009,Audubon County,IA,Midwest
19011,Benton County,IA,Midwest
19013,Black Hawk County,IA,Midwest
19015,Boone County,IA,Midwest
19017,Bremer County,IA,Midwest
19019,Buchanan County,IA,Midwest
19021,Buena Vista County,IA,Midwest
19023,Butler County,IA,Midwest
19025,Calhoun County,IA,Midwest
19027,Carroll County,IA,Midwest
19029,Cass County,IA,Midwest
19031,Cedar County,IA,Midwest
19033,Cerro Gordo County,IA,Midwest
19035,Cherokee County,IA,Midwest
19037,Chickasaw County,IA,Midwest
19039,Clarke County,IA,Midwest
19041,Clay County,IA,Midwest
19043,Clayton County,IA,Midwest
19045,Clinton County,IA,Midwest
19047,Crawford County,IA,Midwest
19049,Dallas County,IA,Midwest
19051,Davis County,IA,Midwest
19053,Decatur County,IA,Midwest
19055,Delaware County,IA,Midwest
19057,Des Moines County,IA,Midwest
19059,Dickinson County,IA,Midwest
19061,Dubuque County,IA,Midwest
19063,Emmet County,IA,Midwest
19065,Fayette County,IA,Midwest
19067,Floyd County,IA,Midwest
19069,Franklin County,IA,Midwest
19071,Fremont County,IA,Midwest
19073,Greene County,IA,Midwest
19075,Grundy County,IA,Midwest
19077,Guthrie County,IA,Midwest
19079,Hamilton County,IA,Midwest
19081,Hancock County,IA,Midwest
19083,Hardin County,IA,Midwest
19085,Harrison County,IA,Midwest
19087,Henry County,IA,Midwest
19089,Howard County,IA,Midwest
19091,Humboldt County,IA,Midwest
19093,Ida County,IA,Midwest
19095,Iowa County,IA,Midwest
19097,Jackson County,IA,Midwest
19099,Jasper County,IA,Midwest
19101,Jefferson County,IA,Midwest
19103,Johnson County,IA,Midwest
19105,Jones County,IA,Midwest
19107,Keokuk County,IA,Midwest
19109,Kossuth County,IA,Midwest
19111,Lee County,IA,Midwest
19113,Linn County,IA,Midwest
19115,Louisa County,IA,Midwest
19117,Lucas County,IA,Midwest
19119,Lyon County,IA,Midwest
19121,Madison County,IA,Midwest
19123,Mahaska County,IA,Midwest
19125,Marion County,IA,Midwest
19127,Marshall County,IA,Midwest
19129,Mills County,IA,Midwest
19131,Mitchell County,IA,Midwest
19133,Monona County,IA,Midwest
19135,Monroe County,IA,Midwest
19137,Montgomery County,IA,Midwest
19139,Muscatine County,IA,Midwest
19141,O\'Brien County,IA,Midwest
19143,Osceola County,IA,Midwest
19145,Page County,IA,Midwest
19147,Palo Alto County,IA,Midwest
19149,Plymouth County,IA,Midwest
19151,Pocahontas County,IA,Midwest
19153,Polk County,IA,Midwest
19155,Pottawattamie County,IA,Midwest
19157,Poweshiek County,IA,Midwest
19159,Ringgold County,IA,Midwest
19161,Sac County,IA,Midwest
19163,Scott County,IA,Midwest
19165,Shelby County,IA,Midwest
19167,Sioux County,IA,Midwest
19169,Story County,IA,Midwest
19171,Tama County,IA,Midwest
19173,Taylor County,IA,Midwest
19175,Union County,IA,Midwest
19177,Van Buren County,IA,Midwest
19179,Wapello County,IA,Midwest
19181,Warren County,IA,Midwest
19183,Washington County,IA,Midwest
19185,Wayne County,IA,Midwest
19187,Webster County,IA,Midwest
19189,Winnebago County,IA,Midwest
19191,Winneshiek County,IA,Midwest
19193,Woodbury County,IA,Midwest
19195,Worth County,IA,Midwest
19197,Wright County,IA,Midwest
20001,Allen County,KS,Midwest
20003,Anderson County,KS,Midwest
20005,Atchison County,KS,Midwest
20007,Barber County,KS,Midwest
20009,Barton County,KS,Midwest
20011,Bourbon County,KS,Midwest
20013,Brown County,KS,Midwest
20015,Butler County,KS,Midwest
20017,Chase County,KS,Midwest
20019,Chautauqua County,KS,Midwest
20021,Cherokee County,KS,Midwest
20023,Cheyenne County,KS,Midwest
20025,Clark County,KS,Midwest
20027,Clay County,KS,Midwest
20029,Cloud County,KS,Midwest
20031,Coffey County,KS,Midwest
20033,Comanche County,KS,Midwest
20035,Cowley County,KS,Midwest
20037,Crawford County,KS,Midwest
20039,Decatur County,KS,Midwest
20041,Dickinson County,KS,Midwest
20043,Doniphan County,KS,Midwest
20045,Douglas County,KS,Midwest
20047,Edwards County,KS,Midwest
20049,Elk County,KS,Midwest
20051,Ellis County,KS,Midwest
20053,Ellsworth County,KS,Midwest
20055,Finney County,KS,Midwest
20057,Ford County,KS,Midwest
20059,Franklin County,KS,Midwest
20061,Geary County,KS,Midwest
20063,Gove County,KS,Midwest
20065,Graham County,KS,Midwest
20067,Grant County,KS,Midwest
20069,Gray County,KS,Midwest
20071,Greeley County,KS,Midwest
20073,Greenwood County,KS,Midwest
20075,Hamilton County,KS,Midwest
20077,Harper County,KS,Midwest
20079,Harvey County,KS,Midwest
20081,Haskell County,KS,Midwest
20083,Hodgeman County,KS,Midwest
20085,Jackson County,KS,Midwest
20087,Jefferson County,KS,Midwest
20089,Jewell County,KS,Midwest
20091,Johnson County,KS,Midwest
20093,Kearny County,KS,Midwest
20095,Kingman County,KS,Midwest
20097,Kiowa County,KS,Midwest
20099,Labette County,KS,Midwest
20101,Lane County,KS,Midwest
20103,Leavenworth County,KS,Midwest
20105,Lincoln County,KS,Midwest
20107,Linn County,KS,Midwest
20109,Logan County,KS,Midwest
20111,Lyon County,KS,Midwest
20113,McPherson County,KS,Midwest
20115,Marion County,KS,Midwest
20117,Marshall County,KS,Midwest
20119,Meade County,KS,Midwest
20121,Miami County,KS,Midwest
20123,Mitchell County,KS,Midwest
20125,Montgomery County,KS,Midwest
20127,Morris County,KS,Midwest
20129,Morton County,KS,Midwest
20131,Nemaha County,KS,Midwest
20133,Neosho County,KS,Midwest
20135,Ness County,KS,Midwest
20137,Norton County,KS,Midwest
20139,Osage County,KS,Midwest
20141,Osborne County,KS,Midwest
20143,Ottawa County,KS,Midwest
20145,Pawnee County,KS,Midwest
20147,Phillips County,KS,Midwest
20149,Pottawatomie County,KS,Midwest
20151,Pratt County,KS,Midwest
20153,Rawlins County,KS,Midwest
20155,Reno County,KS,Midwest
20157,Republic County,KS,Midwest
20159,Rice County,KS,Midwest
20161,Riley County,KS,Midwest
20163,Rooks County,KS,Midwest
20165,Rush County,KS,Midwest
20167,Russell County,KS,Midwest
20169,Saline County,KS,Midwest
20171,Scott County,KS,Midwest
20173,Sedgwick County,KS,Midwest
20175,Seward County,KS,Midwest
20177,Shawnee County,KS,Midwest
20179,Sheridan County,KS,Midwest
20181,Sherman County,KS,Midwest
20183,Smith County,KS,Midwest
20185,Stafford County,KS,Midwest
20187,Stanton County,KS,Midwest
20189,Stevens County,KS,Midwest
20191,Sumner County,KS,Midwest
20193,Thomas County,KS,Midwest
20195,Trego County,KS,Midwest
20197,Wabaunsee County,KS,Midwest
20199,Wallace County,KS,Midwest
20201,Washington County,KS,Midwest
20203,Wichita County,KS,Midwest
20205,Wilson County,KS,Midwest
20207,Woodson County,KS,Midwest
20209,Wyandotte County,KS,Midwest
21001,Adair County,KY,South
21003,Allen County,KY,South
21005,Anderson County,KY,South
21007,Ballard County,KY,South
21009,Barren County,KY,South
21011,Bath County,KY,South
21013,Bell County,KY,South
21015,Boone County,KY,South
21017,Bourbon County,KY,South
21019,Boyd County,KY,South
21021,Boyle County,KY,South
21023,Bracken County,KY,South
21025,Breathitt County,KY,South
21027,Breckinridge County,KY,South
21029,Bullitt County,KY,South
21031,Butler County,KY,South
21033,Caldwell County,KY,South
21035,Calloway County,KY,South
21037,Campbell County,KY,South
21039,Carlisle County,KY,South
21041,Carroll County,KY,South
21043,Carter County,KY,South
21045,Casey County,KY,South
21047,Christian County,KY,South
21049,Clark County,KY,South
21051,Clay County,KY,South
21053,Clinton County,KY,South
21055,Crittenden County,KY,South
21057,Cumberland County,KY,South
21059,Daviess County,KY,South
21061,Edmonson County,KY,South
21063,Elliott County,KY,South
21065,Estill County,KY,South
21067,Fayette County,KY,South
21069,Fleming County,KY,South
21071,Floyd County,KY,South
21073,Franklin County,KY,South
21075,Fulton County,KY,South
21077,Gallatin County,KY,South
21079,Garrard County,KY,South
21081,Grant County,KY,South
21083,Graves County,KY,South
21085,Grayson County,KY,South
21087,Green County,KY,South
21089,Greenup County,KY,South
21091,Hancock County,KY,South
21093,Hardin County,KY,South
21095,Harlan County,KY,South
21097,Harrison County,KY,South
21099,Hart County,KY,South
21101,Henderson County,KY,South
21103,Henry County,KY,South
21105,Hickman County,KY,South
21107,Hopkins County,KY,South
21109,Jackson County,KY,South
21111,Jefferson County,KY,South
21113,Jessamine County,KY,South
21115,Johnson County,KY,South
21117,Kenton County,KY,South
21119,Knott County,KY,South
21121,Knox County,KY,South
21123,Larue County,KY,South
21125,Laurel County,KY,South
21127,Lawrence County,KY,South
21129,Lee County,KY,South
21131,Leslie County,KY,South
21133,Letcher County,KY,South
21135,Lewis County,KY,South
21137,Lincoln County,KY,South
21139,Livingston County,KY,South
21141,Logan County,KY,South
21143,Lyon County,KY,South
21145,McCracken County,KY,South
21147,McCreary County,KY,South
21149,McLean County,KY,South
21151,Madison County,KY,South
21153,Magoffin County,KY,South
21155,Marion County,KY,South
21157,Marshall County,KY,South
21159,Martin County,KY,South
21161,Mason County,KY,South
21163,Meade County,KY,South
21165,Menifee County,KY,South
21167,Mercer County,KY,South
21169,Metcalfe County,KY,South
21171,Monroe County,KY,South
21173,Montgomery County,KY,South
21175,Morgan County,KY,South
21177,Muhlenberg County,KY,South
21179,Nelson County,KY,South
21181,Nicholas County,KY,South
21183,Ohio County,KY,South
21185,Oldham County,KY,South
21187,Owen County,KY,South
21189,Owsley County,KY,South
21191,Pendleton County,KY,South
21193,Perry County,KY,South
21195,Pike County,KY,South
21197,Powell County,KY,South
21199,Pulaski County,KY,South
21201,Robertson County,KY,South
21203,Rockcastle County,KY,South
21205,Rowan County,KY,South
21207,Russell County,KY,South
21209,Scott County,KY,South
21211,Shelby County,KY,South
21213,Simpson County,KY,South
21215,Spencer County,KY,South
21217,Taylor County,KY,South
21219,Todd County,KY,South
21221,Trigg County,KY,South
21223,Trimble County,KY,South
21225,Union County,KY,South
21227,Warren County,KY,South
21229,Washington County,KY,South
21231,Wayne County,KY,South
21233,Webster County,KY,South
21235,Whitley County,KY,South
21237,Wolfe County,KY,South
21239,Woodford County,KY,South
22001,Acadia Parish,LA,South
22003,Allen Parish,LA,South
22005,Ascension Parish,LA,South
22007,Assumption Parish,LA,South
22009,Avoyelles Parish,LA,South
22011,Beauregard Parish,LA,South
22013,Bienville Parish,LA,South
22015,Bossier Parish,LA,South
22017,Caddo Parish,LA,South
22019,Calcasieu Parish,LA,South
22021,Caldwell Parish,LA,South
22023,Cameron Parish,LA,South
22025,Catahoula Parish,LA,South
22027,Claiborne Parish,LA,South
22029,Concordia Parish,LA,South
22031,De Soto Parish,LA,South
22033,East Baton Rouge Parish,LA,South
22035,East Carroll Parish,LA,South
22037,East Feliciana Parish,LA,South
22039,Evangeline Parish,LA,South
22041,Franklin Parish,LA,South
22043,Grant Parish,LA,South
22045,Iberia Parish,LA,South
22047,Iberville Parish,LA,South
22049,Jackson Parish,LA,South
22051,Jefferson Parish,LA,South
22053,Jefferson Davis Parish,LA,South
22055,Lafayette Parish,LA,South
22057,Lafourche Parish,LA,South
22059,La Salle Parish,LA,South
22061,Lincoln Parish,LA,South
22063,Livingston Parish,LA,South
22065,Madison Parish,LA,South
22067,Morehouse Parish,LA,South
22069,Natchitoches Parish,LA,South
22071,Orleans Parish,LA,South
22073,Ouachita Parish,LA,South
22075,Plaquemines Parish,LA,South
22077,Pointe Coupee Parish,LA,South
22079,Rapides Parish,LA,South
22081,Red River Parish,LA,South
22083,Richland Parish,LA,South
22085,Sabine Parish,LA,South
22087,St. Bernard Parish,LA,South
22089,St. Charles Parish,LA,South
22091,St. Helena Parish,LA,South
22093,St. James Parish,LA,South
22095,St. John the Baptist Parish,LA,South
22097,St. Landry Parish,LA,South
22099,St. Martin Parish,LA,South
22101,St. Mary Parish,LA,South
22103,St. Tammany Parish,LA,South
22105,Tangipahoa Parish,LA,South
22107,Tensas Parish,LA,South
22109,Terrebonne Parish,LA,South
22111,Union Parish,LA,South
22113,Vermilion Parish,LA,South
22115,Vernon Parish,LA,South
22117,Washington Parish,LA,South
22119,Webster Parish,LA,South
22121,West Baton Rouge Parish,LA,South
22123,West Carroll Parish,LA,South
22125,West Feliciana Parish,LA,South
22127,Winn Parish,LA,South
23001,Androscoggin County,ME,Northeast
23003,Aroostook County,ME,Northeast
23005,Cumberland County,ME,Northeast
23007,Franklin County,ME,Northeast
23009,Hancock County,ME,Northeast
23011,Kennebec County,ME,Northeast
23013,Knox County,ME,Northeast
23015,Lincoln County,ME,Northeast
23017,Oxford County,ME,Northeast
23019,Penobscot County,ME,Northeast
23021,Piscataquis County,ME,Northeast
23023,Sagadahoc County,ME,Northeast
23025,Somerset County,ME,Northeast
23027,Waldo County,ME,Northeast
23029,Washington County,ME,Northeast
23031,York County,ME,Northeast
24001,Allegany County,MD,South
24003,Anne Arundel County,MD,South
24005,Baltimore County,MD,South
24009,Calvert County,MD,South
24011,Caroline County,MD,South
24013,Carroll County,MD,South
24015,Cecil County,MD,South
24017,Charles County,MD,South
24019,Dorchester County,MD,South
24021,Frederick County,MD,South
24023,Garrett County,MD,South
24025,Harford County,MD,South
24027,Howard County,MD,South
24029,Kent County,MD,South
24031,Montgomery County,MD,South
24033,Prince George\'s County,MD,South
24035,Queen Anne\'s County,MD,South
24037,St. Mary\'s County,MD,South
24039,Somerset County,MD,South
24041,Talbot County,MD,South
24043,Washington County,MD,South
24045,Wicomico County,MD,South
24047,Worcester County,MD,South
24510,Baltimore city,MD,South
25001,Barnstable County,MA,Northeast
25003,Berkshire County,MA,Northeast
25005,Bristol County,MA,Northeast
25007,Dukes County,MA,Northeast
25009,Essex County,MA,Northeast
25011,Franklin County,MA,Northeast
25013,Hampden County,MA,Northeast
25015,Hampshire County,MA,Northeast
25017,Middlesex County,MA,Northeast
25019,Nantucket County,MA,Northeast
25021,Norfolk County,MA,Northeast
25023,Plymouth County,MA,Northeast
25025,Suffolk County,MA,Northeast
25027,Worcester County,MA,Northeast
26001,Alcona County,MI,Midwest
26003,Alger County,MI,Midwest
26005,Allegan County,MI,Midwest
26007,Alpena County,MI,Midwest
26009,Antrim County,MI,Midwest
26011,Arenac County,MI,Midwest
26013,Baraga County,MI,Midwest
26015,Barry County,MI,Midwest
26017,Bay County,MI,Midwest
26019,Benzie County,MI,Midwest
26021,Berrien County,MI,Midwest
26023,Branch County,MI,Midwest
26025,Calhoun County,MI,Midwest
26027,Cass County,MI,Midwest
26029,Charlevoix County,MI,Midwest
26031,Cheboygan County,MI,Midwest
26033,Chippewa County,MI,Midwest
26035,Clare County,MI,Midwest
26037,Clinton County,MI,Midwest
26039,Crawford County,MI,Midwest
26041,Delta County,MI,Midwest
26043,Dickinson County,MI,Midwest
26045,Eaton County,MI,Midwest
26047,Emmet County,MI,Midwest
26049,Genesee County,MI,Midwest
26051,Gladwin County,MI,Midwest
26053,Gogebic County,MI,Midwest
26055,Grand Traverse County,MI,Midwest
26057,Gratiot County,MI,Midwest
26059,Hillsdale County,MI,Midwest
26061,Houghton County,MI,Midwest
26063,Huron County,MI,Midwest
26065,Ingham County,MI,Midwest
26067,Ionia County,MI,Midwest
26069,Iosco County,MI,Midwest
26071,Iron County,MI,Midwest
26073,Isabella County,MI,Midwest
26075,Jackson County,MI,Midwest
26077,Kalamazoo County,MI,Midwest
26079,Kalkaska County,MI,Midwest
26081,Kent County,MI,Midwest
26083,Keweenaw County,MI,Midwest
26085,Lake County,MI,Midwest
26087,Lapeer County,MI,Midwest
26089,Leelanau County,MI,Midwest
26091,Lenawee County,MI,Midwest
26093,Livingston County,MI,Midwest
26095,Luce County,MI,Midwest
26097,Mackinac County,MI,Midwest
26099,Macomb County,MI,Midwest
26101,Manistee County,MI,Midwest
26103,Marquette County,MI,Midwest
26105,Mason County,MI,Midwest
26107,Mecosta County,MI,Midwest
26109,Menominee County,MI,Midwest
26111,Midland County,MI,Midwest
26113,Missaukee County,MI,Midwest
26115,Monroe County,MI,Midwest
26117,Montcalm County,MI,Midwest
26119,Montmorency County,MI,Midwest
26121,Muskegon County,MI,Midwest
26123,Newaygo County,MI,Midwest
26125,Oakland County,MI,Midwest
26127,Oceana County,MI,Midwest
26129,Ogemaw County,MI,Midwest
26131,Ontonagon County,MI,Midwest
26133,Osceola County,MI,Midwest
26135,Oscoda County,MI,Midwest
26137,Otsego County,MI,Midwest
26139,Ottawa County,MI,Midwest
26141,Presque Isle County,MI,Midwest
26143,Roscommon County,MI,Midwest
26145,Saginaw County,MI,Midwest
26147,St. Clair County,MI,Midwest
26149,St. Joseph County,MI,Midwest
26151,Sanilac County,MI,Midwest
26153,Schoolcraft County,MI,Midwest
26155,Shiawassee County,MI,Midwest
26157,Tuscola County,MI,Midwest
26159,Van Buren County,MI,Midwest
26161,Washtenaw County,MI,Midwest
26163,Wayne County,MI,Midwest
26165,Wexford County,MI,Midwest
27001,Aitkin County,MN,Midwest
27003,Anoka County,MN,Midwest
27005,Becker County,MN,Midwest
27007,Beltrami County,MN,Midwest
27009,Benton County,MN,Midwest
27011,Big Stone County,MN,Midwest
27013,Blue Earth County,MN,Midwest
27015,Brown County,MN,Midwest
27017,Carlton County,MN,Midwest
27019,Carver County,MN,Midwest
27021,Cass County,MN,Midwest
27023,Chippewa County,MN,Midwest
27025,Chisago County,MN,Midwest
27027,Clay County,MN,Midwest
27029,Clearwater County,MN,Midwest
27031,Cook County,MN,Midwest
27033,Cottonwood County,MN,Midwest
27035,Crow Wing County,MN,Midwest
27037,Dakota County,MN,Midwest
27039,Dodge County,MN,Midwest
27041,Douglas County,MN,Midwest
27043,Faribault County,MN,Midwest
27045,Fillmore County,MN,Midwest
27047,Freeborn County,MN,Midwest
27049,Goodhue County,MN,Midwest
27051,Grant County,MN,Midwest
27053,Hennepin County,MN,Midwest
27055,Houston County,MN,Midwest
27057,Hubbard County,MN,Midwest
27059,Isanti County,MN,Midwest
27061,Itasca County,MN,Midwest
27063,Jackson County,MN,Midwest
27065,Kanabec County,MN,Midwest
27067,Kandiyohi County,MN,Midwest
27069,Kittson County,MN,Midwest
27071,Koochiching County,MN,Midwest
27073,Lac qui Parle County,MN,Midwest
27075,Lake County,MN,Midwest
27077,Lake of the Woods County,MN,Midwest
27079,Le Sueur County,MN,Midwest
27081,Lincoln County,MN,Midwest
27083,Lyon County,MN,Midwest
27085,McLeod County,MN,Midwest
27087,Mahnomen County,MN,Midwest
27089,Marshall County,MN,Midwest
27091,Martin County,MN,Midwest
27093,Meeker County,MN,Midwest
27095,Mille Lacs County,MN,Midwest
27097,Morrison County,MN,Midwest
27099,Mower County,MN,Midwest
27101,Murray County,MN,Midwest
27103,Nicollet County,MN,Midwest
27105,Nobles County,MN,Midwest
27107,Norman County,MN,Midwest
27109,Olmsted County,MN,Midwest
27111,Otter Tail County,MN,Midwest
27113,Pennington County,MN,Midwest
27115,Pine County,MN,Midwest
27117,Pipestone County,MN,Midwest
27119,Polk County,MN,Midwest
27121,Pope County,MN,Midwest
27123,Ramsey County,MN,Midwest
27125,Red Lake County,MN,Midwest
27127,Redwood County,MN,Midwest
27129,Renville County,MN,Midwest
27131,Rice County,MN,Midwest
27133,Rock County,MN,Midwest
27135,Roseau County,MN,Midwest
27137,St. Louis County,MN,Midwest
27139,Scott County,MN,Midwest
27141,Sherburne County,MN,Midwest
27143,Sibley County,MN,Midwest
27145,Stearns County,MN,Midwest
27147,Steele County,MN,Midwest
27149,Stevens County,MN,Midwest
27151,Swift County,MN,Midwest
27153,Todd County,MN,Midwest
27155,Traverse County,MN,Midwest
27157,Wabasha County,MN,Midwest
27159,Wadena County,MN,Midwest
27161,Waseca County,MN,Midwest
27163,Washington County,MN,Midwest
27165,Watonwan County,MN,Midwest
27167,Wilkin County,MN,Midwest
27169,Winona County,MN,Midwest
27171,Wright County,MN,Midwest
27173,Yellow Medicine County,MN,Midwest
28001,Adams County,MS,South
28003,Alcorn County,MS,South
28005,Amite County,MS,South
28007,Attala County,MS,South
28009,Benton County,MS,South
28011,Bolivar County,MS,South
28013,Calhoun County,MS,South
28015,Carroll County,MS,South
28017,Chickasaw County,MS,South
28019,Choctaw County,MS,South
28021,Claiborne County,MS,South
28023,Clarke County,MS,South
28025,Clay County,MS,South
28027,Coahoma County,MS,South
28029,Copiah County,MS,South
28031,Covington County,MS,South
28033,DeSoto County,MS,South
28035,Forrest County,MS,South
28037,Franklin County,MS,South
28039,George County,MS,South
28041,Greene County,MS,South
28043,Grenada County,MS,South
28045,Hancock County,MS,South
28047,Harrison County,MS,South
28049,Hinds County,MS,South
28051,Holmes County,MS,South
28053,Humphreys County,MS,South
28055,Issaquena County,MS,South
28057,Itawamba County,MS,South
28059,Jackson County,MS,South
28061,Jasper County,MS,South
28063,Jefferson County,MS,South
28065,Jefferson Davis County,MS,South
28067,Jones County,MS,South
28069,Kemper County,MS,South
28071,Lafayette County,MS,South
28073,Lamar County,MS,South
28075,Lauderdale County,MS,South
28077,Lawrence County,MS,South
28079,Leake County,MS,South
28081,Lee County,MS,South
28083,Leflore County,MS,South
28085,Lincoln County,MS,South
28087,Lowndes County,MS,South
28089,Madison County,MS,South
28091,Marion County,MS,South
28093,Marshall County,MS,South
28095,Monroe County,MS,South
28097,Montgomery County,MS,South
28099,Neshoba County,MS,South
28101,Newton County,MS,South
28103,Noxubee County,MS,South
28105,Oktibbeha County,MS,South
28107,Panola County,MS,South
28109,Pearl River County,MS,South
28111,Perry County,MS,South
28113,Pike County,MS,South
28115,Pontotoc County,MS,South
28117,Prentiss County,MS,South
28119,Quitman County,MS,South
28121,Rankin County,MS,South
28123,Scott County,MS,South
28125,Sharkey County,MS,South
28127,Simpson County,MS,South
28129,Smith County,MS,South
28131,Stone County,MS,South
28133,Sunflower County,MS,South
28135,Tallahatchie County,MS,South
28137,Tate County,MS,South
28139,Tippah County,MS,South
28141,Tishomingo County,MS,South
28143,Tunica County,MS,South
28145,Union County,MS,South
28147,Walthall County,MS,South
28149,Warren County,MS,South
28151,Washington County,MS,South
28153,Wayne County,MS,South
28155,Webster County,MS,South
28157,Wilkinson County,MS,South
28159,Winston County,MS,South
28161,Yalobusha County,MS,South
28163,Yazoo County,MS,South
29001,Adair County,MO,Midwest
29003,Andrew County,MO,Midwest
29005,Atchison County,MO,Midwest
29007,Audrain County,MO,Midwest
29009,Barry County,MO,Midwest
29011,Barton County,MO,Midwest
29013,Bates County,MO,Midwest
29015,Benton County,MO,Midwest
29017,Bollinger County,MO,Midwest
29019,Boone County,MO,Midwest
29021,Buchanan County,MO,Midwest
29023,Butler County,MO,Midwest
29025,Caldwell County,MO,Midwest
29027,Callaway County,MO,Midwest
29029,Camden County,MO,Midwest
29031,Cape Girardeau County,MO,Midwest
29033,Carroll County,MO,Midwest
29035,Carter County,MO,Midwest
29037,Cass County,MO,Midwest
29039,Cedar County,MO,Midwest
29041,Chariton County,MO,Midwest
29043,Christian County,MO,Midwest
29045,Clark County,MO,Midwest
29047,Clay County,MO,Midwest
29049,Clinton County,MO,Midwest
29051,Cole County,MO,Midwest
29053,Cooper County,MO,Midwest
29055,Crawford County,MO,Midwest
29057,Dade County,MO,Midwest
29059,Dallas County,MO,Midwest
29061,Daviess County,MO,Midwest
29063,DeKalb County,MO,Midwest
29065,Dent County,MO,Midwest
29067,Douglas County,MO,Midwest
29069,Dunklin County,MO,Midwest
29071,Franklin County,MO,Midwest
29073,Gasconade County,MO,Midwest
29075,Gentry County,MO,Midwest
29077,Greene County,MO,Midwest
29079,Grundy County,MO,Midwest
29081,Harrison County,MO,Midwest
29083,Henry County,MO,Midwest
29085,Hickory County,MO,Midwest
29087,Holt County,MO,Midwest
29089,Howard County,MO,Midwest
29091,Howell County,MO,Midwest
29093,Iron County,MO,Midwest
29095,Jackson County,MO,Midwest
29097,Jasper County,MO,Midwest
29099,Jefferson County,MO,Midwest
29101,Johnson County,MO,Midwest
29103,Knox County,MO,Midwest
29105,Laclede County,MO,Midwest
29107,Lafayette County,MO,Midwest
29109,Lawrence County,MO,Midwest
29111,Lewis County,MO,Midwest
29113,Lincoln County,MO,Midwest
29115,Linn County,MO,Midwest
29117,Livingston County,MO,Midwest
29119,McDonald County,MO,Midwest
29121,Macon County,MO,Midwest
29123,Madison County,MO,Midwest
29125,Maries County,MO,Midwest
29127,Marion County,MO,Midwest
29129,Mercer County,MO,Midwest
29131,Miller County,MO,Midwest
29133,Mississippi County,MO,Midwest
29135,Moniteau County,MO,Midwest
29137,Monroe County,MO,Midwest
29139,Montgomery County,MO,Midwest
29141,Morgan County,MO,Midwest
29143,New Madrid County,MO,Midwest
29145,Newton County,MO,Midwest
29147,Nodaway County,MO,Midwest
29149,Oregon County,MO,Midwest
29151,Osage County,MO,Midwest
29153,Ozark County,MO,Midwest
29155,Pemiscot County,MO,Midwest
29157,Perry County,MO,Midwest
29159,Pettis County,MO,Midwest
29161,Phelps County,MO,Midwest
29163,Pike County,MO,Midwest
29165,Platte County,MO,Midwest
29167,Polk County,MO,Midwest
29169,Pulaski County,MO,Midwest
29171,Putnam County,MO,Midwest
29173,Ralls County,MO,Midwest
29175,Randolph County,MO,Midwest
29177,Ray County,MO,Midwest
29179,Reynolds County,MO,Midwest
29181,Ripley County,MO,Midwest
29183,St. Charles County,MO,Midwest
29185,St. Clair County,MO,Midwest
29186,Ste. Genevieve County,MO,Midwest
29187,St. Francois County,MO,Midwest
29189,St. Louis County,MO,Midwest
29195,Saline County,MO,Midwest
29197,Schuyler County,MO,Midwest
29199,Scotland County,MO,Midwest
29201,Scott County,MO,Midwest
29203,Shannon County,MO,Midwest
29205,Shelby County,MO,Midwest
29207,Stoddard County,MO,Midwest
29209,Stone County,MO,Midwest
29211,Sullivan County,MO,Midwest
29213,Taney County,MO,Midwest
29215,Texas County,MO,Midwest
29217,Vernon County,MO,Midwest
29219,Warren County,MO,Midwest
29221,Washington County,MO,Midwest
29223,Wayne County,MO,Midwest
29225,Webster County,MO,Midwest
29227,Worth County,MO,Midwest
29229,Wright County,MO,Midwest
29510,St. Louis city,MO,Midwest
30001,Beaverhead County,MT,West
30003,Big Horn County,MT,West
30005,Blaine County,MT,West
30007,Broadwater County,MT,West
30009,Carbon County,MT,West
30011,Carter County,MT,West
30013,Cascade County,MT,West
30015,Chouteau County,MT,West
30017,Custer County,MT,West
30019,Daniels County,MT,West
30021,Dawson County,MT,West
30023,Deer Lodge County,MT,West
30025,Fallon County,MT,West
30027,Fergus County,MT,West
30029,Flathead County,MT,West
30031,Gallatin County,MT,West
30033,Garfield County,MT,West
30035,Glacier County,MT,West
30037,Golden Valley County,MT,West
30039,Granite County,MT,West
30041,Hill County,MT,West
30043,Jefferson County,MT,West
30045,Judith Basin County,MT,West
30047,Lake County,MT,West
30049,Lewis and Clark County,MT,West
30051,Liberty County,MT,West
30053,Lincoln County,MT,West
30055,McCone County,MT,West
30057,Madison County,MT,West
30059,Meagher County,MT,West
30061,Mineral County,MT,West
30063,Missoula County,MT,West
30065,Musselshell County,MT,West
30067,Park County,MT,West
30069,Petroleum County,MT,West
30071,Phillips County,MT,West
30073,Pondera County,MT,West
30075,Powder River County,MT,West
30077,Powell County,MT,West
30079,Prairie County,MT,West
30081,Ravalli County,MT,West
30083,Richland County,MT,West
30085,Roosevelt County,MT,West
30087,Rosebud County,MT,West
30089,Sanders County,MT,West
30091,Sheridan County,MT,West
30093,Silver Bow County,MT,West
30095,Stillwater County,MT,West
30097,Sweet Grass County,MT,West
30099,Teton County,MT,West
30101,Toole County,MT,West
30103,Treasure County,MT,West
30105,Valley County,MT,West
30107,Wheatland County,MT,West
30109,Wibaux County,MT,West
30111,Yellowstone County,MT,West
31001,Adams County,NE,Midwest
31003,Antelope County,NE,Midwest
31005,Arthur County,NE,Midwest
31007,Banner County,NE,Midwest
31009,Blaine County,NE,Midwest
31011,Boone County,NE,Midwest
31013,Box Butte County,NE,Midwest
31015,Boyd County,NE,Midwest
31017,Brown County,NE,Midwest
31019,Buffalo County,NE,Midwest
31021,Burt County,NE,Midwest
31023,Butler County,NE,Midwest
31025,Cass County,NE,Midwest
31027,Cedar County,NE,Midwest
31029,Chase County,NE,Midwest
31031,Cherry County,NE,Midwest
31033,Cheyenne County,NE,Midwest
31035,Clay County,NE,Midwest
31037,Colfax County,NE,Midwest
31039,Cuming County,NE,Midwest
31041,Custer County,NE,Midwest
31043,Dakota County,NE,Midwest
31045,Dawes County,NE,Midwest
31047,Dawson County,NE,Midwest
31049,Deuel County,NE,Midwest
31051,Dixon County,NE,Midwest
31053,Dodge County,NE,Midwest
31055,Douglas County,NE,Midwest
31057,Dundy County,NE,Midwest
31059,Fillmore County,NE,Midwest
31061,Franklin County,NE,Midwest
31063,Frontier County,NE,Midwest
31065,Furnas County,NE,Midwest
31067,Gage County,NE,Midwest
31069,Garden County,NE,Midwest
31071,Garfield County,NE,Midwest
31073,Gosper County,NE,Midwest
31075,Grant County,NE,Midwest
31077,Greeley County,NE,Midwest
31079,Hall County,NE,Midwest
31081,Hamilton County,NE,Midwest
31083,Harlan County,NE,Midwest
31085,Hayes County,NE,Midwest
31087,Hitchcock County,NE,Midwest
31089,Holt County,NE,Midwest
31091,Hooker County,NE,Midwest
31093,Howard County,NE,Midwest
31095,Jefferson County,NE,Midwest
31097,Johnson County,NE,Midwest
31099,Kearney County,NE,Midwest
31101,Keith County,NE,Midwest
31103,Keya Paha County,NE,Midwest
31105,Kimball County,NE,Midwest
31107,Knox County,NE,Midwest
31109,Lancaster County,NE,Midwest
31111,Lincoln County,NE,Midwest
31113,Logan County,NE,Midwest
31115,Loup County,NE,Midwest
31117,McPherson County,NE,Midwest
31119,Madison County,NE,Midwest
31121,Merrick County,NE,Midwest
31123,Morrill County,NE,Midwest
31125,Nance County,NE,Midwest
31127,Nemaha County,NE,Midwest
31129,Nuckolls County,NE,Midwest
31131,Otoe County,NE,Midwest
31133,Pawnee County,NE,Midwest
31135,Perkins County,NE,Midwest
31137,Phelps County,NE,Midwest
31139,Pierce County,NE,Midwest
31141,Platte County,NE,Midwest
31143,Polk County,NE,Midwest
31145,Red Willow County,NE,Midwest
31147,Richardson County,NE,Midwest
31149,Rock County,NE,Midwest
31151,Saline County,NE,Midwest
31153,Sarpy County,NE,Midwest
31155,Saunders County,NE,Midwest
31157,Scotts Bluff County,NE,Midwest
31159,Seward County,NE,Midwest
31161,Sheridan County,NE,Midwest
31163,Sherman County,NE,Midwest
31165,Sioux County,NE,Midwest
31167,Stanton County,NE,Midwest
31169,Thayer County,NE,Midwest
31171,Thomas County,NE,Midwest
31173,Thurston County,NE,Midwest
31175,Valley County,NE,Midwest
31177,Washington County,NE,Midwest
31179,Wayne County,NE,Midwest
31181,Webster County,NE,Midwest
31183,Wheeler County,NE,Midwest
31185,York County,NE,Midwest
32001,Churchill County,NV,West
32003,Clark County,NV,West
32005,Douglas County,NV,West
32007,Elko County,NV,West
32009,Esmeralda County,NV,West
32011,Eureka County,NV,West
32013,Humboldt County,NV,West
32015,Lander County,NV,West
32017,Lincoln County,NV,West
32019,Lyon County,NV,West
32021,Mineral County,NV,West
32023,Nye County,NV,West
32027,Pershing County,NV,West
32029,Storey County,NV,West
32031,Washoe County,NV,West
32033,White Pine County,NV,West
32510,Carson City,NV,West
33001,Belknap County,NH,Northeast
33003,Carroll County,NH,Northeast
33005,Cheshire County,NH,Northeast
33007,Coos County,NH,Northeast
33009,Grafton County,NH,Northeast
33011,Hillsborough County,NH,Northeast
33013,Merrimack County,NH,Northeast
33015,Rockingham County,NH,Northeast
33017,Strafford County,NH,Northeast
33019,Sullivan County,NH,Northeast
34001,Atlantic County,NJ,Northeast
34003,Bergen County,NJ,Northeast
34005,Burlington County,NJ,Northeast
34007,Camden County,NJ,Northeast
34009,Cape May County,NJ,Northeast
34011,Cumberland County,NJ,Northeast
34013,Essex County,NJ,Northeast
34015,Gloucester County,NJ,Northeast
34017,Hudson County,NJ,Northeast
34019,Hunterdon County,NJ,Northeast
34021,Mercer County,NJ,Northeast
34023,Middlesex County,NJ,Northeast
34025,Monmouth County,NJ,Northeast
34027,Morris County,NJ,Northeast
34029,Ocean County,NJ,Northeast
34031,Passaic County,NJ,Northeast
34033,Salem County,NJ,Northeast
34035,Somerset County,NJ,Northeast
34037,Sussex County,NJ,Northeast
34039,Union County,NJ,Northeast
34041,Warren County,NJ,Northeast
35001,Bernalillo County,NM,West
35003,Catron County,NM,West
35005,Chaves County,NM,West
35006,Cibola County,NM,West
35007,Colfax County,NM,West
35009,Curry County,NM,West
35011,De Baca County,NM,West
35013,Do\ufffda Ana County,NM,West
35015,Eddy County,NM,West
35017,Grant County,NM,West
35019,Guadalupe County,NM,West
35021,Harding County,NM,West
35023,Hidalgo County,NM,West
35025,Lea County,NM,West
35027,Lincoln County,NM,West
35028,Los Alamos County,NM,West
35029,Luna County,NM,West
35031,McKinley County,NM,West
35033,Mora County,NM,West
35035,Otero County,NM,West
35037,Quay County,NM,West
35039,Rio Arriba County,NM,West
35041,Roosevelt County,NM,West
35043,Sandoval County,NM,West
35045,San Juan County,NM,West
35047,San Miguel County,NM,West
35049,Santa Fe County,NM,West
35051,Sierra County,NM,West
35053,Socorro County,NM,West
35055,Taos County,NM,West
35057,Torrance County,NM,West
35059,Union County,NM,West
35061,Valencia County,NM,West
36001,Albany County,NY,Northeast
36003,Allegany County,NY,Northeast
36005,Bronx County,NY,Northeast
36007,Broome County,NY,Northeast
36009,Cattaraugus County,NY,Northeast
36011,Cayuga County,NY,Northeast
36013,Chautauqua County,NY,Northeast
36015,Chemung County,NY,Northeast
36017,Chenango County,NY,Northeast
36019,Clinton County,NY,Northeast
36021,Columbia County,NY,Northeast
36023,Cortland County,NY,Northeast
36025,Delaware County,NY,Northeast
36027,Dutchess County,NY,Northeast
36029,Erie County,NY,Northeast
36031,Essex County,NY,Northeast
36033,Franklin County,NY,Northeast
36035,Fulton County,NY,Northeast
36037,Genesee County,NY,Northeast
36039,Greene County,NY,Northeast
36041,Hamilton County,NY,Northeast
36043,Herkimer County,NY,Northeast
36045,Jefferson County,NY,Northeast
36047,Kings County,NY,Northeast
36049,Lewis County,NY,Northeast
36051,Livingston County,NY,Northeast
36053,Madison County,NY,Northeast
36055,Monroe County,NY,Northeast
36057,Montgomery County,NY,Northeast
36059,Nassau County,NY,Northeast
36061,New York County,NY,Northeast
36063,Niagara County,NY,Northeast
36065,Oneida County,NY,Northeast
36067,Onondaga County,NY,Northeast
36069,Ontario County,NY,Northeast
36071,Orange County,NY,Northeast
36073,Orleans County,NY,Northeast
36075,Oswego County,NY,Northeast
36077,Otsego County,NY,Northeast
36079,Putnam County,NY,Northeast
36081,Queens County,NY,Northeast
36083,Rensselaer County,NY,Northeast
36085,Richmond County,NY,Northeast
36087,Rockland County,NY,Northeast
36089,St. Lawrence County,NY,Northeast
36091,Saratoga County,NY,Northeast
36093,Schenectady County,NY,Northeast
36095,Schoharie County,NY,Northeast
36097,Schuyler County,NY,Northeast
36099,Seneca County,NY,Northeast
36101,Steuben County,NY,Northeast
36103,Suffolk County,NY,Northeast
36105,Sullivan County,NY,Northeast
36107,Tioga County,NY,Northeast
36109,Tompkins County,NY,Northeast
36111,Ulster County,NY,Northeast
36113,Warren County,NY,Northeast
36115,Washington County,NY,Northeast
36117,Wayne County,NY,Northeast
36119,Westchester County,NY,Northeast
36121,Wyoming County,NY,Northeast
36123,Yates County,NY,Northeast
37001,Alamance County,NC,South
37003,Alexander County,NC,South
37005,Alleghany County,NC,South
37007,Anson County,NC,South
37009,Ashe County,NC,South
37011,Avery County,NC,South
37013,Beaufort County,NC,South
37015,Bertie County,NC,South
37017,Bladen County,NC,South
37019,Brunswick County,NC,South
37021,Buncombe County,NC,South
37023,Burke County,NC,South
37025,Cabarrus County,NC,South
37027,Caldwell County,NC,South
37029,Camden County,NC,South
37031,Carteret County,NC,South
37033,Caswell County,NC,South
37035,Catawba County,NC,South
37037,Chatham County,NC,South
37039,Cherokee County,NC,South
37041,Chowan County,NC,South
37043,Clay County,NC,South
37045,Cleveland County,NC,South
37047,Columbus County,NC,South
37049,Craven County,NC,South
37051,Cumberland County,NC,South
37053,Currituck County,NC,South
37055,Dare County,NC,South
37057,Davidson County,NC,South
37059,Davie County,NC,South
37061,Duplin County,NC,South
37063,Durham County,NC,South
37065,Edgecombe County,NC,South
37067,Forsyth County,NC,South
37069,Franklin County,NC,South
37071,Gaston County,NC,South
37073,Gates County,NC,South
37075,Graham County,NC,South
37077,Granville County,NC,South
37079,Greene County,NC,South
37081,Guilford County,NC,South
37083,Halifax County,NC,South
37085,Harnett County,NC,South
37087,Haywood County,NC,South
37089,Henderson County,NC,South
37091,Hertford County,NC,South
37093,Hoke County,NC,South
37095,Hyde County,NC,South
37097,Iredell County,NC,South
37099,Jackson County,NC,South
37101,Johnston County,NC,South
37103,Jones County,NC,South
37105,Lee County,NC,South
37107,Lenoir County,NC,South
37109,Lincoln County,NC,South
37111,McDowell County,NC,South
37113,Macon County,NC,South
37115,Madison County,NC,South
37117,Martin County,NC,South
37119,Mecklenburg County,NC,South
37121,Mitchell County,NC,South
37123,Montgomery County,NC,South
37125,Moore County,NC,South
37127,Nash County,NC,South
37129,New Hanover County,NC,South
37131,Northampton County,NC,South
37133,Onslow County,NC,South
37135,Orange County,NC,South
37137,Pamlico County,NC,South
37139,Pasquotank County,NC,South
37141,Pender County,NC,South
37143,Perquimans County,NC,South
37145,Person County,NC,South
37147,Pitt County,NC,South
37149,Polk County,NC,South
37151,Randolph County,NC,South
37153,Richmond County,NC,South
37155,Robeson County,NC,South
37157,Rockingham County,NC,South
37159,Rowan County,NC,South
37161,Rutherford County,NC,South
37163,Sampson County,NC,South
37165,Scotland County,NC,South
37167,Stanly County,NC,South
37169,Stokes County,NC,South
37171,Surry County,NC,South
37173,Swain County,NC,South
37175,Transylvania County,NC,South
37177,Tyrrell County,NC,South
37179,Union County,NC,South
37181,Vance County,NC,South
37183,Wake County,NC,South
37185,Warren County,NC,South
37187,Washington County,NC,South
37189,Watauga County,NC,South
37191,Wayne County,NC,South
37193,Wilkes County,NC,South
37195,Wilson County,NC,South
37197,Yadkin County,NC,South
37199,Yancey County,NC,South
38001,Adams County,ND,Midwest
38003,Barnes County,ND,Midwest
38005,Benson County,ND,Midwest
38007,Billings County,ND,Midwest
38009,Bottineau County,ND,Midwest
38011,Bowman County,ND,Midwest
38013,Burke County,ND,Midwest
38015,Burleigh County,ND,Midwest
38017,Cass County,ND,Midwest
38019,Cavalier County,ND,Midwest
38021,Dickey County,ND,Midwest
38023,Divide County,ND,Midwest
38025,Dunn County,ND,Midwest
38027,Eddy County,ND,Midwest
38029,Emmons County,ND,Midwest
38031,Foster County,ND,Midwest
38033,Golden Valley County,ND,Midwest
38035,Grand Forks County,ND,Midwest
38037,Grant County,ND,Midwest
38039,Griggs County,ND,Midwest
38041,Hettinger County,ND,Midwest
38043,Kidder County,ND,Midwest
38045,LaMoure County,ND,Midwest
38047,Logan County,ND,Midwest
38049,McHenry County,ND,Midwest
38051,McIntosh County,ND,Midwest
38053,McKenzie County,ND,Midwest
38055,McLean County,ND,Midwest
38057,Mercer County,ND,Midwest
38059,Morton County,ND,Midwest
38061,Mountrail County,ND,Midwest
38063,Nelson County,ND,Midwest
38065,Oliver County,ND,Midwest
38067,Pembina County,ND,Midwest
38069,Pierce County,ND,Midwest
38071,Ramsey County,ND,Midwest
38073,Ransom County,ND,Midwest
38075,Renville County,ND,Midwest
38077,Richland County,ND,Midwest
38079,Rolette County,ND,Midwest
38081,Sargent County,ND,Midwest
38083,Sheridan County,ND,Midwest
38085,Sioux County,ND,Midwest
38087,Slope County,ND,Midwest
38089,Stark County,ND,Midwest
38091,Steele County,ND,Midwest
38093,Stutsman County,ND,Midwest
38095,Towner County,ND,Midwest
38097,Traill County,ND,Midwest
38099,Walsh County,ND,Midwest
38101,Ward County,ND,Midwest
38103,Wells County,ND,Midwest
38105,Williams County,ND,Midwest
39001,Adams County,OH,Midwest
39003,Allen County,OH,Midwest
39005,Ashland County,OH,Midwest
39007,Ashtabula County,OH,Midwest
39009,Athens County,OH,Midwest
39011,Auglaize County,OH,Midwest
39013,Belmont County,OH,Midwest
39015,Brown County,OH,Midwest
39017,Butler County,OH,Midwest
39019,Carroll County,OH,Midwest
39021,Champaign County,OH,Midwest
39023,Clark County,OH,Midwest
39025,Clermont County,OH,Midwest
39027,Clinton County,OH,Midwest
39029,Columbiana County,OH,Midwest
39031,Coshocton County,OH,Midwest
39033,Crawford County,OH,Midwest
39035,Cuyahoga County,OH,Midwest
39037,Darke County,OH,Midwest
39039,Defiance County,OH,Midwest
39041,Delaware County,OH,Midwest
39043,Erie County,OH,Midwest
39045,Fairfield County,OH,Midwest
39047,Fayette County,OH,Midwest
39049,Franklin County,OH,Midwest
39051,Fulton County,OH,Midwest
39053,Gallia County,OH,Midwest
39055,Geauga County,OH,Midwest
39057,Greene County,OH,Midwest
39059,Guernsey County,OH,Midwest
39061,Hamilton County,OH,Midwest
39063,Hancock County,OH,Midwest
39065,Hardin County,OH,Midwest
39067,Harrison County,OH,Midwest
39069,Henry County,OH,Midwest
39071,Highland County,OH,Midwest
39073,Hocking County,OH,Midwest
39075,Holmes County,OH,Midwest
39077,Huron County,OH,Midwest
39079,Jackson County,OH,Midwest
39081,Jefferson County,OH,Midwest
39083,Knox County,OH,Midwest
39085,Lake County,OH,Midwest
39087,Lawrence County,OH,Midwest
39089,Licking County,OH,Midwest
39091,Logan County,OH,Midwest
39093,Lorain County,OH,Midwest
39095,Lucas County,OH,Midwest
39097,Madison County,OH,Midwest
39099,Mahoning County,OH,Midwest
39101,Marion County,OH,Midwest
39103,Medina County,OH,Midwest
39105,Meigs County,OH,Midwest
39107,Mercer County,OH,Midwest
39109,Miami County,OH,Midwest
39111,Monroe County,OH,Midwest
39113,Montgomery County,OH,Midwest
39115,Morgan County,OH,Midwest
39117,Morrow County,OH,Midwest
39119,Muskingum County,OH,Midwest
39121,Noble County,OH,Midwest
39123,Ottawa County,OH,Midwest
39125,Paulding County,OH,Midwest
39127,Perry County,OH,Midwest
39129,Pickaway County,OH,Midwest
39131,Pike County,OH,Midwest
39133,Portage County,OH,Midwest
39135,Preble County,OH,Midwest
39137,Putnam County,OH,Midwest
39139,Richland County,OH,Midwest
39141,Ross County,OH,Midwest
39143,Sandusky County,OH,Midwest
39145,Scioto County,OH,Midwest
39147,Seneca County,OH,Midwest
39149,Shelby County,OH,Midwest
39151,Stark County,OH,Midwest
39153,Summit County,OH,Midwest
39155,Trumbull County,OH,Midwest
39157,Tuscarawas County,OH,Midwest
39159,Union County,OH,Midwest
39161,Van Wert County,OH,Midwest
39163,Vinton County,OH,Midwest
39165,Warren County,OH,Midwest
39167,Washington County,OH,Midwest
39169,Wayne County,OH,Midwest
39171,Williams County,OH,Midwest
39173,Wood County,OH,Midwest
39175,Wyandot County,OH,Midwest
40001,Adair County,OK,South
40003,Alfalfa County,OK,South
40005,Atoka County,OK,South
40007,Beaver County,OK,South
40009,Beckham County,OK,South
40011,Blaine County,OK,South
40013,Bryan County,OK,South
40015,Caddo County,OK,South
40017,Canadian County,OK,South
40019,Carter County,OK,South
40021,Cherokee County,OK,South
40023,Choctaw County,OK,South
40025,Cimarron County,OK,South
40027,Cleveland County,OK,South
40029,Coal County,OK,South
40031,Comanche County,OK,South
40033,Cotton County,OK,South
40035,Craig County,OK,South
40037,Creek County,OK,South
40039,Custer County,OK,South
40041,Delaware County,OK,South
40043,Dewey County,OK,South
40045,Ellis County,OK,South
40047,Garfield County,OK,South
40049,Garvin County,OK,South
40051,Grady County,OK,South
40053,Grant County,OK,South
40055,Greer County,OK,South
40057,Harmon County,OK,South
40059,Harper County,OK,South
40061,Haskell County,OK,South
40063,Hughes County,OK,South
40065,Jackson County,OK,South
40067,Jefferson County,OK,South
40069,Johnston County,OK,South
40071,Kay County,OK,South
40073,Kingfisher County,OK,South
40075,Kiowa County,OK,South
40077,Latimer County,OK,South
40079,Le Flore County,OK,South
40081,Lincoln County,OK,South
40083,Logan County,OK,South
40085,Love County,OK,South
40087,McClain County,OK,South
40089,McCurtain County,OK,South
40091,McIntosh County,OK,South
40093,Major County,OK,South
40095,Marshall County,OK,South
40097,Mayes County,OK,South
40099,Murray County,OK,South
40101,Muskogee County,OK,South
40103,Noble County,OK,South
40105,Nowata County,OK,South
40107,Okfuskee County,OK,South
40109,Oklahoma County,OK,South
40111,Okmulgee County,OK,South
40113,Osage County,OK,South
40115,Ottawa County,OK,South
40117,Pawnee County,OK,South
40119,Payne County,OK,South
40121,Pittsburg County,OK,South
40123,Pontotoc County,OK,South
40125,Pottawatomie County,OK,South
40127,Pushmataha County,OK,South
40129,Roger Mills County,OK,South
40131,Rogers County,OK,South
40133,Seminole County,OK,South
40135,Sequoyah County,OK,South
40137,Stephens County,OK,South
40139,Texas County,OK,South
40141,Tillman County,OK,South
40143,Tulsa County,OK,South
40145,Wagoner County,OK,South
40147,Washington County,OK,South
40149,Washita County,OK,South
40151,Woods County,OK,South
40153,Woodward County,OK,South
41001,Baker County,OR,West
41003,Benton County,OR,West
41005,Clackamas County,OR,West
41007,Clatsop County,OR,West
41009,Columbia County,OR,West
41011,Coos County,OR,West
41013,Crook County,OR,West
41015,Curry County,OR,West
41017,Deschutes County,OR,West
41019,Douglas County,OR,West
41021,Gilliam County,OR,West
41023,Grant County,OR,West
41025,Harney County,OR,West
41027,Hood River County,OR,West
41029,Jackson County,OR,West
41031,Jefferson County,OR,West
41033,Josephine County,OR,West
41035,Klamath County,OR,West
41037,Lake County,OR,West
41039,Lane County,OR,West
41041,Lincoln County,OR,West
41043,Linn County,OR,West
41045,Malheur County,OR,West
41047,Marion County,OR,West
41049,Morrow County,OR,West
41051,Multnomah County,OR,West
41053,Polk County,OR,West
41055,Sherman County,OR,West
41057,Tillamook County,OR,West
41059,Umatilla County,OR,West
41061,Union County,OR,West
41063,Wallowa County,OR,West
41065,Wasco County,OR,West
41067,Washington County,OR,West
41069,Wheeler County,OR,West
41071,Yamhill County,OR,West
42001,Adams County,PA,Northeast
42003,Allegheny County,PA,Northeast
42005,Armstrong County,PA,Northeast
42007,Beaver County,PA,Northeast
42009,Bedford County,PA,Northeast
42011,Berks County,PA,Northeast
42013,Blair County,PA,Northeast
42015,Bradford County,PA,Northeast
42017,Bucks County,PA,Northeast
42019,Butler County,PA,Northeast
42021,Cambria County,PA,Northeast
42023,Cameron County,PA,Northeast
42025,Carbon County,PA,Northeast
42027,Centre County,PA,Northeast
42029,Chester County,PA,Northeast
42031,Clarion County,PA,Northeast
42033,Clearfield County,PA,Northeast
42035,Clinton County,PA,Northeast
42037,Columbia County,PA,Northeast
42039,Crawford County,PA,Northeast
42041,Cumberland County,PA,Northeast
42043,Dauphin County,PA,Northeast
42045,Delaware County,PA,Northeast
42047,Elk County,PA,Northeast
42049,Erie County,PA,Northeast
42051,Fayette County,PA,Northeast
42053,Forest County,PA,Northeast
42055,Franklin County,PA,Northeast
42057,Fulton County,PA,Northeast
42059,Greene County,PA,Northeast
42061,Huntingdon County,PA,Northeast
42063,Indiana County,PA,Northeast
42065,Jefferson County,PA,Northeast
42067,Juniata County,PA,Northeast
42069,Lackawanna County,PA,Northeast
42071,Lancaster County,PA,Northeast
42073,Lawrence County,PA,Northeast
42075,Lebanon County,PA,Northeast
42077,Lehigh County,PA,Northeast
42079,Luzerne County,PA,Northeast
42081,Lycoming County,PA,Northeast
42083,McKean County,PA,Northeast
42085,Mercer County,PA,Northeast
42087,Mifflin County,PA,Northeast
42089,Monroe County,PA,Northeast
42091,Montgomery County,PA,Northeast
42093,Montour County,PA,Northeast
42095,Northampton County,PA,Northeast
42097,Northumberland County,PA,Northeast
42099,Perry County,PA,Northeast
42101,Philadelphia County,PA,Northeast
42103,Pike County,PA,Northeast
42105,Potter County,PA,Northeast
42107,Schuylkill County,PA,Northeast
42109,Snyder County,PA,Northeast
42111,Somerset County,PA,Northeast
42113,Sullivan County,PA,Northeast
42115,Susquehanna County,PA,Northeast
42117,Tioga County,PA,Northeast
42119,Union County,PA,Northeast
42121,Venango County,PA,Northeast
42123,Warren County,PA,Northeast
42125,Washington County,PA,Northeast
42127,Wayne County,PA,Northeast
42129,Westmoreland County,PA,Northeast
42131,Wyoming County,PA,Northeast
42133,York County,PA,Northeast
44001,Bristol County,RI,Northeast
44003,Kent County,RI,Northeast
44005,Newport County,RI,Northeast
44007,Providence County,RI,Northeast
44009,Washington County,RI,Northeast
45001,Abbeville County,SC,South
45003,Aiken County,SC,South
45005,Allendale County,SC,South
45007,Anderson County,SC,South
45009,Bamberg County,SC,South
45011,Barnwell County,SC,South
45013,Beaufort County,SC,South
45015,Berkeley County,SC,South
45017,Calhoun County,SC,South
45019,Charleston County,SC,South
45021,Cherokee County,SC,South
45023,Chester County,SC,South
45025,Chesterfield County,SC,South
45027,Clarendon County,SC,South
45029,Colleton County,SC,South
45031,Darlington County,SC,South
45033,Dillon County,SC,South
45035,Dorchester County,SC,South
45037,Edgefield County,SC,South
45039,Fairfield County,SC,South
45041,Florence County,SC,South
45043,Georgetown County,SC,South
45045,Greenville County,SC,South
45047,Greenwood County,SC,South
45049,Hampton County,SC,South
45051,Horry County,SC,South
45053,Jasper County,SC,South
45055,Kershaw County,SC,South
45057,Lancaster County,SC,South
45059,Laurens County,SC,South
45061,Lee County,SC,South
45063,Lexington County,SC,South
45065,McCormick County,SC,South
45067,Marion County,SC,South
45069,Marlboro County,SC,South
45071,Newberry County,SC,South
45073,Oconee County,SC,South
45075,Orangeburg County,SC,South
45077,Pickens County,SC,South
45079,Richland County,SC,South
45081,Saluda County,SC,South
45083,Spartanburg County,SC,South
45085,Sumter County,SC,South
45087,Union County,SC,South
45089,Williamsburg County,SC,South
45091,York County,SC,South
46003,Aurora County,SD,Midwest
46005,Beadle County,SD,Midwest
46007,Bennett County,SD,Midwest
46009,Bon Homme County,SD,Midwest
46011,Brookings County,SD,Midwest
46013,Brown County,SD,Midwest
46015,Brule County,SD,Midwest
46017,Buffalo County,SD,Midwest
46019,Butte County,SD,Midwest
46021,Campbell County,SD,Midwest
46023,Charles Mix County,SD,Midwest
46025,Clark County,SD,Midwest
46027,Clay County,SD,Midwest
46029,Codington County,SD,Midwest
46031,Corson County,SD,Midwest
46033,Custer County,SD,Midwest
46035,Davison County,SD,Midwest
46037,Day County,SD,Midwest
46039,Deuel County,SD,Midwest
46041,Dewey County,SD,Midwest
46043,Douglas County,SD,Midwest
46045,Edmunds County,SD,Midwest
46047,Fall River County,SD,Midwest
46049,Faulk County,SD,Midwest
46051,Grant County,SD,Midwest
46053,Gregory County,SD,Midwest
46055,Haakon County,SD,Midwest
46057,Hamlin County,SD,Midwest
46059,Hand County,SD,Midwest
46061,Hanson County,SD,Midwest
46063,Harding County,SD,Midwest
46065,Hughes County,SD,Midwest
46067,Hutchinson County,SD,Midwest
46069,Hyde County,SD,Midwest
46071,Jackson County,SD,Midwest
46073,Jerauld County,SD,Midwest
46075,Jones County,SD,Midwest
46077,Kingsbury County,SD,Midwest
46079,Lake County,SD,Midwest
46081,Lawrence County,SD,Midwest
46083,Lincoln County,SD,Midwest
46085,Lyman County,SD,Midwest
46087,McCook County,SD,Midwest
46089,McPherson County,SD,Midwest
46091,Marshall County,SD,Midwest
46093,Meade County,SD,Midwest
46095,Mellette County,SD,Midwest
46097,Miner County,SD,Midwest
46099,Minnehaha County,SD,Midwest
46101,Moody County,SD,Midwest
46103,Pennington County,SD,Midwest
46105,Perkins County,SD,Midwest
46107,Potter County,SD,Midwest
46109,Roberts County,SD,Midwest
46111,Sanborn County,SD,Midwest
46113,Shannon County,SD,Midwest
46115,Spink County,SD,Midwest
46117,Stanley County,SD,Midwest
46119,Sully County,SD,Midwest
46121,Todd County,SD,Midwest
46123,Tripp County,SD,Midwest
46125,Turner County,SD,Midwest
46127,Union County,SD,Midwest
46129,Walworth County,SD,Midwest
46135,Yankton County,SD,Midwest
46137,Ziebach County,SD,Midwest
47001,Anderson County,TN,South
47003,Bedford County,TN,South
47005,Benton County,TN,South
47007,Bledsoe County,TN,South
47009,Blount County,TN,South
47011,Bradley County,TN,South
47013,Campbell County,TN,South
47015,Cannon County,TN,South
47017,Carroll County,TN,South
47019,Carter County,TN,South
47021,Cheatham County,TN,South
47023,Chester County,TN,South
47025,Claiborne County,TN,South
47027,Clay County,TN,South
47029,Cocke County,TN,South
47031,Coffee County,TN,South
47033,Crockett County,TN,South
47035,Cumberland County,TN,South
47037,Davidson County,TN,South
47039,Decatur County,TN,South
47041,DeKalb County,TN,South
47043,Dickson County,TN,South
47045,Dyer County,TN,South
47047,Fayette County,TN,South
47049,Fentress County,TN,South
47051,Franklin County,TN,South
47053,Gibson County,TN,South
47055,Giles County,TN,South
47057,Grainger County,TN,South
47059,Greene County,TN,South
47061,Grundy County,TN,South
47063,Hamblen County,TN,South
47065,Hamilton County,TN,South
47067,Hancock County,TN,South
47069,Hardeman County,TN,South
47071,Hardin County,TN,South
47073,Hawkins County,TN,South
47075,Haywood County,TN,South
47077,Henderson County,TN,South
47079,Henry County,TN,South
47081,Hickman County,TN,South
47083,Houston County,TN,South
47085,Humphreys County,TN,South
47087,Jackson County,TN,South
47089,Jefferson County,TN,South
47091,Johnson County,TN,South
47093,Knox County,TN,South
47095,Lake County,TN,South
47097,Lauderdale County,TN,South
47099,Lawrence County,TN,South
47101,Lewis County,TN,South
47103,Lincoln County,TN,South
47105,Loudon County,TN,South
47107,McMinn County,TN,South
47109,McNairy County,TN,South
47111,Macon County,TN,South
47113,Madison County,TN,South
47115,Marion County,TN,South
47117,Marshall County,TN,South
47119,Maury County,TN,South
47121,Meigs County,TN,South
47123,Monroe County,TN,South
47125,Montgomery County,TN,South
47127,Moore County,TN,South
47129,Morgan County,TN,South
47131,Obion County,TN,South
47133,Overton County,TN,South
47135,Perry County,TN,South
47137,Pickett County,TN,South
47139,Polk County,TN,South
47141,Putnam County,TN,South
47143,Rhea County,TN,South
47145,Roane County,TN,South
47147,Robertson County,TN,South
47149,Rutherford County,TN,South
47151,Scott County,TN,South
47153,Sequatchie County,TN,South
47155,Sevier County,TN,South
47157,Shelby County,TN,South
47159,Smith County,TN,South
47161,Stewart County,TN,South
47163,Sullivan County,TN,South
47165,Sumner County,TN,South
47167,Tipton County,TN,South
47169,Trousdale County,TN,South
47171,Unicoi County,TN,South
47173,Union County,TN,South
47175,Van Buren County,TN,South
47177,Warren County,TN,South
47179,Washington County,TN,South
47181,Wayne County,TN,South
47183,Weakley County,TN,South
47185,White County,TN,South
47187,Williamson County,TN,South
47189,Wilson County,TN,South
48001,Anderson County,TX,South
48003,Andrews County,TX,South
48005,Angelina County,TX,South
48007,Aransas County,TX,South
48009,Archer County,TX,South
48011,Armstrong County,TX,South
48013,Atascosa County,TX,South
48015,Austin County,TX,South
48017,Bailey County,TX,South
48019,Bandera County,TX,South
48021,Bastrop County,TX,South
48023,Baylor County,TX,South
48025,Bee County,TX,South
48027,Bell County,TX,South
48029,Bexar County,TX,South
48031,Blanco County,TX,South
48033,Borden County,TX,South
48035,Bosque County,TX,South
48037,Bowie County,TX,South
48039,Brazoria County,TX,South
48041,Brazos County,TX,South
48043,Brewster County,TX,South
48045,Briscoe County,TX,South
48047,Brooks County,TX,South
48049,Brown County,TX,South
48051,Burleson County,TX,South
48053,Burnet County,TX,South
48055,Caldwell County,TX,South
48057,Calhoun County,TX,South
48059,Callahan County,TX,South
48061,Cameron County,TX,South
48063,Camp County,TX,South
48065,Carson County,TX,South
48067,Cass County,TX,South
48069,Castro County,TX,South
48071,Chambers County,TX,South
48073,Cherokee County,TX,South
48075,Childress County,TX,South
48077,Clay County,TX,South
48079,Cochran County,TX,South
48081,Coke County,TX,South
48083,Coleman County,TX,South
48085,Collin County,TX,South
48087,Collingsworth County,TX,South
48089,Colorado County,TX,South
48091,Comal County,TX,South
48093,Comanche County,TX,South
48095,Concho County,TX,South
48097,Cooke County,TX,South
48099,Coryell County,TX,South
48101,Cottle County,TX,South
48103,Crane County,TX,South
48105,Crockett County,TX,South
48107,Crosby County,TX,South
48109,Culberson County,TX,South
48111,Dallam County,TX,South
48113,Dallas County,TX,South
48115,Dawson County,TX,South
48117,Deaf Smith County,TX,South
48119,Delta County,TX,South
48121,Denton County,TX,South
48123,DeWitt County,TX,South
48125,Dickens County,TX,South
48127,Dimmit County,TX,South
48129,Donley County,TX,South
48131,Duval County,TX,South
48133,Eastland County,TX,South
48135,Ector County,TX,South
48137,Edwards County,TX,South
48139,Ellis County,TX,South
48141,El Paso County,TX,South
48143,Erath County,TX,South
48145,Falls County,TX,South
48147,Fannin County,TX,South
48149,Fayette County,TX,South
48151,Fisher County,TX,South
48153,Floyd County,TX,South
48155,Foard County,TX,South
48157,Fort Bend County,TX,South
48159,Franklin County,TX,South
48161,Freestone County,TX,South
48163,Frio County,TX,South
48165,Gaines County,TX,South
48167,Galveston County,TX,South
48169,Garza County,TX,South
48171,Gillespie County,TX,South
48173,Glasscock County,TX,South
48175,Goliad County,TX,South
48177,Gonzales County,TX,South
48179,Gray County,TX,South
48181,Grayson County,TX,South
48183,Gregg County,TX,South
48185,Grimes County,TX,South
48187,Guadalupe County,TX,South
48189,Hale County,TX,South
48191,Hall County,TX,South
48193,Hamilton County,TX,South
48195,Hansford County,TX,South
48197,Hardeman County,TX,South
48199,Hardin County,TX,South
48201,Harris County,TX,South
48203,Harrison County,TX,South
48205,Hartley County,TX,South
48207,Haskell County,TX,South
48209,Hays County,TX,South
48211,Hemphill County,TX,South
48213,Henderson County,TX,South
48215,Hidalgo County,TX,South
48217,Hill County,TX,South
48219,Hockley County,TX,South
48221,Hood County,TX,South
48223,Hopkins County,TX,South
48225,Houston County,TX,South
48227,Howard County,TX,South
48229,Hudspeth County,TX,South
48231,Hunt County,TX,South
48233,Hutchinson County,TX,South
48235,Irion County,TX,South
48237,Jack County,TX,South
48239,Jackson County,TX,South
48241,Jasper County,TX,South
48243,Jeff Davis County,TX,South
48245,Jefferson County,TX,South
48247,Jim Hogg County,TX,South
48249,Jim Wells County,TX,South
48251,Johnson County,TX,South
48253,Jones County,TX,South
48255,Karnes County,TX,South
48257,Kaufman County,TX,South
48259,Kendall County,TX,South
48261,Kenedy County,TX,South
48263,Kent County,TX,South
48265,Kerr County,TX,South
48267,Kimble County,TX,South
48269,King County,TX,South
48271,Kinney County,TX,South
48273,Kleberg County,TX,South
48275,Knox County,TX,South
48277,Lamar County,TX,South
48279,Lamb County,TX,South
48281,Lampasas County,TX,South
48283,La Salle County,TX,South
48285,Lavaca County,TX,South
48287,Lee County,TX,South
48289,Leon County,TX,South
48291,Liberty County,TX,South
48293,Limestone County,TX,South
48295,Lipscomb County,TX,South
48297,Live Oak County,TX,South
48299,Llano County,TX,South
48301,Loving County,TX,South
48303,Lubbock County,TX,South
48305,Lynn County,TX,South
48307,McCulloch County,TX,South
48309,McLennan County,TX,South
48311,McMullen County,TX,South
48313,Madison County,TX,South
48315,Marion County,TX,South
48317,Martin County,TX,South
48319,Mason County,TX,South
48321,Matagorda County,TX,South
48323,Maverick County,TX,South
48325,Medina County,TX,South
48327,Menard County,TX,South
48329,Midland County,TX,South
48331,Milam County,TX,South
48333,Mills County,TX,South
48335,Mitchell County,TX,South
48337,Montague County,TX,South
48339,Montgomery County,TX,South
48341,Moore County,TX,South
48343,Morris County,TX,South
48345,Motley County,TX,South
48347,Nacogdoches County,TX,South
48349,Navarro County,TX,South
48351,Newton County,TX,South
48353,Nolan County,TX,South
48355,Nueces County,TX,South
48357,Ochiltree County,TX,South
48359,Oldham County,TX,South
48361,Orange County,TX,South
48363,Palo Pinto County,TX,South
48365,Panola County,TX,South
48367,Parker County,TX,South
48369,Parmer County,TX,South
48371,Pecos County,TX,South
48373,Polk County,TX,South
48375,Potter County,TX,South
48377,Presidio County,TX,South
48379,Rains County,TX,South
48381,Randall County,TX,South
48383,Reagan County,TX,South
48385,Real County,TX,South
48387,Red River County,TX,South
48389,Reeves County,TX,South
48391,Refugio County,TX,South
48393,Roberts County,TX,South
48395,Robertson County,TX,South
48397,Rockwall County,TX,South
48399,Runnels County,TX,South
48401,Rusk County,TX,South
48403,Sabine County,TX,South
48405,San Augustine County,TX,South
48407,San Jacinto County,TX,South
48409,San Patricio County,TX,South
48411,San Saba County,TX,South
48413,Schleicher County,TX,South
48415,Scurry County,TX,South
48417,Shackelford County,TX,South
48419,Shelby County,TX,South
48421,Sherman County,TX,South
48423,Smith County,TX,South
48425,Somervell County,TX,South
48427,Starr County,TX,South
48429,Stephens County,TX,South
48431,Sterling County,TX,South
48433,Stonewall County,TX,South
48435,Sutton County,TX,South
48437,Swisher County,TX,South
48439,Tarrant County,TX,South
48441,Taylor County,TX,South
48443,Terrell County,TX,South
48445,Terry County,TX,South
48447,Throckmorton County,TX,South
48449,Titus County,TX,South
48451,Tom Green County,TX,South
48453,Travis County,TX,South
48455,Trinity County,TX,South
48457,Tyler County,TX,South
48459,Upshur County,TX,South
48461,Upton County,TX,South
48463,Uvalde County,TX,South
48465,Val Verde County,TX,South
48467,Van Zandt County,TX,South
48469,Victoria County,TX,South
48471,Walker County,TX,South
48473,Waller County,TX,South
48475,Ward County,TX,South
48477,Washington County,TX,South
48479,Webb County,TX,South
48481,Wharton County,TX,South
48483,Wheeler County,TX,South
48485,Wichita County,TX,South
48487,Wilbarger County,TX,South
48489,Willacy County,TX,South
48491,Williamson County,TX,South
48493,Wilson County,TX,South
48495,Winkler County,TX,South
48497,Wise County,TX,South
48499,Wood County,TX,South
48501,Yoakum County,TX,South
48503,Young County,TX,South
48505,Zapata County,TX,South
48507,Zavala County,TX,South
49001,Beaver County,UT,West
49003,Box Elder County,UT,West
49005,Cache County,UT,West
49007,Carbon County,UT,West
49009,Daggett County,UT,West
49011,Davis County,UT,West
49013,Duchesne County,UT,West
49015,Emery County,UT,West
49017,Garfield County,UT,West
49019,Grand County,UT,West
49021,Iron County,UT,West
49023,Juab County,UT,West
49025,Kane County,UT,West
49027,Millard County,UT,West
49029,Morgan County,UT,West
49031,Piute County,UT,West
49033,Rich County,UT,West
49035,Salt Lake County,UT,West
49037,San Juan County,UT,West
49039,Sanpete County,UT,West
49041,Sevier County,UT,West
49043,Summit County,UT,West
49045,Tooele County,UT,West
49047,Uintah County,UT,West
49049,Utah County,UT,West
49051,Wasatch County,UT,West
49053,Washington County,UT,West
49055,Wayne County,UT,West
49057,Weber County,UT,West
50001,Addison County,VT,Northeast
50003,Bennington County,VT,Northeast
50005,Caledonia County,VT,Northeast
50007,Chittenden County,VT,Northeast
50009,Essex County,VT,Northeast
50011,Franklin County,VT,Northeast
50013,Grand Isle County,VT,Northeast
50015,Lamoille County,VT,Northeast
50017,Orange County,VT,Northeast
50019,Orleans County,VT,Northeast
50021,Rutland County,VT,Northeast
50023,Washington County,VT,Northeast
50025,Windham County,VT,Northeast
50027,Windsor County,VT,Northeast
51001,Accomack County,VA,South
51003,Albemarle County,VA,South
51005,Alleghany County,VA,South
51007,Amelia County,VA,South
51009,Amherst County,VA,South
51011,Appomattox County,VA,South
51013,Arlington County,VA,South
51015,Augusta County,VA,South
51017,Bath County,VA,South
51019,Bedford County,VA,South
51021,Bland County,VA,South
51023,Botetourt County,VA,South
51025,Brunswick County,VA,South
51027,Buchanan County,VA,South
51029,Buckingham County,VA,South
51031,Campbell County,VA,South
51033,Caroline County,VA,South
51035,Carroll County,VA,South
51036,Charles City County,VA,South
51037,Charlotte County,VA,South
51041,Chesterfield County,VA,South
51043,Clarke County,VA,South
51045,Craig County,VA,South
51047,Culpeper County,VA,South
51049,Cumberland County,VA,South
51051,Dickenson County,VA,South
51053,Dinwiddie County,VA,South
51057,Essex County,VA,South
51059,Fairfax County,VA,South
51061,Fauquier County,VA,South
51063,Floyd County,VA,South
51065,Fluvanna County,VA,South
51067,Franklin County,VA,South
51069,Frederick County,VA,South
51071,Giles County,VA,South
51073,Gloucester County,VA,South
51075,Goochland County,VA,South
51077,Grayson County,VA,South
51079,Greene County,VA,South
51081,Greensville County,VA,South
51083,Halifax County,VA,South
51085,Hanover County,VA,South
51087,Henrico County,VA,South
51089,Henry County,VA,South
51091,Highland County,VA,South
51093,Isle of Wight County,VA,South
51095,James City County,VA,South
51097,King and Queen County,VA,South
51099,King George County,VA,South
51101,King William County,VA,South
51103,Lancaster County,VA,South
51105,Lee County,VA,South
51107,Loudoun County,VA,South
51109,Louisa County,VA,South
51111,Lunenburg County,VA,South
51113,Madison County,VA,South
51115,Mathews County,VA,South
51117,Mecklenburg County,VA,South
51119,Middlesex County,VA,South
51121,Montgomery County,VA,South
51125,Nelson County,VA,South
51127,New Kent County,VA,South
51131,Northampton County,VA,South
51133,Northumberland County,VA,South
51135,Nottoway County,VA,South
51137,Orange County,VA,South
51139,Page County,VA,South
51141,Patrick County,VA,South
51143,Pittsylvania County,VA,South
51145,Powhatan County,VA,South
51147,Prince Edward County,VA,South
51149,Prince George County,VA,South
51153,Prince William County,VA,South
51155,Pulaski County,VA,South
51157,Rappahannock County,VA,South
51159,Richmond County,VA,South
51161,Roanoke County,VA,South
51163,Rockbridge County,VA,South
51165,Rockingham County,VA,South
51167,Russell County,VA,South
51169,Scott County,VA,South
51171,Shenandoah County,VA,South
51173,Smyth County,VA,South
51175,Southampton County,VA,South
51177,Spotsylvania County,VA,South
51179,Stafford County,VA,South
51181,Surry County,VA,South
51183,Sussex County,VA,South
51185,Tazewell County,VA,South
51187,Warren County,VA,South
51191,Washington County,VA,South
51193,Westmoreland County,VA,South
51195,Wise County,VA,South
51197,Wythe County,VA,South
51199,York County,VA,South
51510,Alexandria city,VA,South
51515,Bedford city,VA,South
51520,Bristol city,VA,South
51530,Buena Vista city,VA,South
51540,Charlottesville city,VA,South
51550,Chesapeake city,VA,South
51570,Colonial Heights city,VA,South
51580,Covington city,VA,South
51590,Danville city,VA,South
51595,Emporia city,VA,South
51600,Fairfax city,VA,South
51610,Falls Church city,VA,South
51620,Franklin city,VA,South
51630,Fredericksburg city,VA,South
51640,Galax city,VA,South
51650,Hampton city,VA,South
51660,Harrisonburg city,VA,South
51670,Hopewell city,VA,South
51678,Lexington city,VA,South
51680,Lynchburg city,VA,South
51683,Manassas city,VA,South
51685,Manassas Park city,VA,South
51690,Martinsville city,VA,South
51700,Newport News city,VA,South
51710,Norfolk city,VA,South
51720,Norton city,VA,South
51730,Petersburg city,VA,South
51735,Poquoson city,VA,South
51740,Portsmouth city,VA,South
51750,Radford city,VA,South
51760,Richmond city,VA,South
51770,Roanoke city,VA,South
51775,Salem city,VA,South
51790,Staunton city,VA,South
51800,Suffolk city,VA,South
51810,Virginia Beach city,VA,South
51820,Waynesboro city,VA,South
51830,Williamsburg city,VA,South
51840,Winchester city,VA,South
53001,Adams County,WA,West
53003,Asotin County,WA,West
53005,Benton County,WA,West
53007,Chelan County,WA,West
53009,Clallam County,WA,West
53011,Clark County,WA,West
53013,Columbia County,WA,West
53015,Cowlitz County,WA,West
53017,Douglas County,WA,West
53019,Ferry County,WA,West
53021,Franklin County,WA,West
53023,Garfield County,WA,West
53025,Grant County,WA,West
53027,Grays Harbor County,WA,West
53029,Island County,WA,West
53031,Jefferson County,WA,West
53033,King County,WA,West
53035,Kitsap County,WA,West
53037,Kittitas County,WA,West
53039,Klickitat County,WA,West
53041,Lewis County,WA,West
53043,Lincoln County,WA,West
53045,Mason County,WA,West
53047,Okanogan County,WA,West
53049,Pacific County,WA,West
53051,Pend Oreille County,WA,West
53053,Pierce County,WA,West
53055,San Juan County,WA,West
53057,Skagit County,WA,West
53059,Skamania County,WA,West
53061,Snohomish County,WA,West
53063,Spokane County,WA,West
53065,Stevens County,WA,West
53067,Thurston County,WA,West
53069,Wahkiakum County,WA,West
53071,Walla Walla County,WA,West
53073,Whatcom County,WA,West
53075,Whitman County,WA,West
53077,Yakima County,WA,West
54001,Barbour County,WV,South
54003,Berkeley County,WV,South
54005,Boone County,WV,South
54007,Braxton County,WV,South
54009,Brooke County,WV,South
54011,Cabell County,WV,South
54013,Calhoun County,WV,South
54015,Clay County,WV,South
54017,Doddridge County,WV,South
54019,Fayette County,WV,South
54021,Gilmer County,WV,South
54023,Grant County,WV,South
54025,Greenbrier County,WV,South
54027,Hampshire County,WV,South
54029,Hancock County,WV,South
54031,Hardy County,WV,South
54033,Harrison County,WV,South
54035,Jackson County,WV,South
54037,Jefferson County,WV,South
54039,Kanawha County,WV,South
54041,Lewis County,WV,South
54043,Lincoln County,WV,South
54045,Logan County,WV,South
54047,McDowell County,WV,South
54049,Marion County,WV,South
54051,Marshall County,WV,South
54053,Mason County,WV,South
54055,Mercer County,WV,South
54057,Mineral County,WV,South
54059,Mingo County,WV,South
54061,Monongalia County,WV,South
54063,Monroe County,WV,South
54065,Morgan County,WV,South
54067,Nicholas County,WV,South
54069,Ohio County,WV,South
54071,Pendleton County,WV,South
54073,Pleasants County,WV,South
54075,Pocahontas County,WV,South
54077,Preston County,WV,South
54079,Putnam County,WV,South
54081,Raleigh County,WV,South
54083,Randolph County,WV,South
54085,Ritchie County,WV,South
54087,Roane County,WV,South
54089,Summers County,WV,South
54091,Taylor County,WV,South
54093,Tucker County,WV,South
54095,Tyler County,WV,South
54097,Upshur County,WV,South
54099,Wayne County,WV,South
54101,Webster County,WV,South
54103,Wetzel County,WV,South
54105,Wirt County,WV,South
54107,Wood County,WV,South
54109,Wyoming County,WV,South
55001,Adams County,WI,Midwest
55003,Ashland County,WI,Midwest
55005,Barron County,WI,Midwest
55007,Bayfield County,WI,Midwest
55009,Brown County,WI,Midwest
55011,Buffalo County,WI,Midwest
55013,Burnett County,WI,Midwest
55015,Calumet County,WI,Midwest
55017,Chippewa County,WI,Midwest
55019,Clark County,WI,Midwest
55021,Columbia County,WI,Midwest
55023,Crawford County,WI,Midwest
55025,Dane County,WI,Midwest
55027,Dodge County,WI,Midwest
55029,Door County,WI,Midwest
55031,Douglas County,WI,Midwest
55033,Dunn County,WI,Midwest
55035,Eau Claire County,WI,Midwest
55037,Florence County,WI,Midwest
55039,Fond du Lac County,WI,Midwest
55041,Forest County,WI,Midwest
55043,Grant County,WI,Midwest
55045,Green County,WI,Midwest
55047,Green Lake County,WI,Midwest
55049,Iowa County,WI,Midwest
55051,Iron County,WI,Midwest
55053,Jackson County,WI,Midwest
55055,Jefferson County,WI,Midwest
55057,Juneau County,WI,Midwest
55059,Kenosha County,WI,Midwest
55061,Kewaunee County,WI,Midwest
55063,La Crosse County,WI,Midwest
55065,Lafayette County,WI,Midwest
55067,Langlade County,WI,Midwest
55069,Lincoln County,WI,Midwest
55071,Manitowoc County,WI,Midwest
55073,Marathon County,WI,Midwest
55075,Marinette County,WI,Midwest
55077,Marquette County,WI,Midwest
55078,Menominee County,WI,Midwest
55079,Milwaukee County,WI,Midwest
55081,Monroe County,WI,Midwest
55083,Oconto County,WI,Midwest
55085,Oneida County,WI,Midwest
55087,Outagamie County,WI,Midwest
55089,Ozaukee County,WI,Midwest
55091,Pepin County,WI,Midwest
55093,Pierce County,WI,Midwest
55095,Polk County,WI,Midwest
55097,Portage County,WI,Midwest
55099,Price County,WI,Midwest
55101,Racine County,WI,Midwest
55103,Richland County,WI,Midwest
55105,Rock County,WI,Midwest
55107,Rusk County,WI,Midwest
55109,St. Croix County,WI,Midwest
55111,Sauk County,WI,Midwest
55113,Sawyer County,WI,Midwest
55115,Shawano County,WI,Midwest
55117,Sheboygan County,WI,Midwest
55119,Taylor County,WI,Midwest
55121,Trempealeau County,WI,Midwest
55123,Vernon County,WI,Midwest
55125,Vilas County,WI,Midwest
55127,Walworth County,WI,Midwest
55129,Washburn County,WI,Midwest
55131,Washington County,WI,Midwest
55133,Waukesha County,WI,Midwest
55135,Waupaca County,WI,Midwest
55137,Waushara County,WI,Midwest
55139,Winnebago County,WI,Midwest
55141,Wood County,WI,Midwest
56001,Albany County,WY,West
56003,Big Horn County,WY,West
56005,Campbell County,WY,West
56007,Carbon County,WY,West
56009,Converse County,WY,West
56011,Crook County,WY,West
56013,Fremont County,WY,West
56015,Goshen County,WY,West
56017,Hot Springs County,WY,West
56019,Johnson County,WY,West
56021,Laramie County,WY,West
56023,Lincoln County,WY,West
56025,Natrona County,WY,West
56027,Niobrara County,WY,West
56029,Park County,WY,West
56031,Platte County,WY,West
56033,Sheridan County,WY,West
56035,Sublette County,WY,West
56037,Sweetwater County,WY,West
56039,Teton County,WY,West
56041,Uinta County,WY,West
56043,Washakie County,WY,West
56045,Weston County,WY,West
