"station_id","month","day","temperature","flag","date","location"
"USC00042319","01","1",51,"S",0000-01-01,"Death Valley"
"USC00042319","01","2",51.2,"S",0000-01-02,"Death Valley"
"USC00042319","01","3",51.3,"S",0000-01-03,"Death Valley"
"USC00042319","01","4",51.4,"S",0000-01-04,"Death Valley"
"USC00042319","01","5",51.6,"S",0000-01-05,"Death Valley"
"USC00042319","01","6",51.7,"S",0000-01-06,"Death Valley"
"USC00042319","01","7",51.9,"S",0000-01-07,"Death Valley"
"USC00042319","01","8",52,"S",0000-01-08,"Death Valley"
"USC00042319","01","9",52.2,"S",0000-01-09,"Death Valley"
"USC00042319","01","10",52.3,"S",0000-01-10,"Death Valley"
"USC00042319","01","11",52.5,"S",0000-01-11,"Death Valley"
"USC00042319","01","12",52.7,"S",0000-01-12,"Death Valley"
"USC00042319","01","13",52.9,"S",0000-01-13,"Death Valley"
"USC00042319","01","14",53,"S",0000-01-14,"Death Valley"
"USC00042319","01","15",53.2,"S",0000-01-15,"Death Valley"
"USC00042319","01","16",53.4,"S",0000-01-16,"Death Valley"
"USC00042319","01","17",53.6,"S",0000-01-17,"Death Valley"
"USC00042319","01","18",53.7,"S",0000-01-18,"Death Valley"
"USC00042319","01","19",53.9,"S",0000-01-19,"Death Valley"
"USC00042319","01","20",54.1,"S",0000-01-20,"Death Valley"
"USC00042319","01","21",54.3,"S",0000-01-21,"Death Valley"
"USC00042319","01","22",54.5,"S",0000-01-22,"Death Valley"
"USC00042319","01","23",54.6,"S",0000-01-23,"Death Valley"
"USC00042319","01","24",54.8,"S",0000-01-24,"Death Valley"
"USC00042319","01","25",55,"S",0000-01-25,"Death Valley"
"USC00042319","01","26",55.2,"S",0000-01-26,"Death Valley"
"USC00042319","01","27",55.4,"S",0000-01-27,"Death Valley"
"USC00042319","01","28",55.6,"S",0000-01-28,"Death Valley"
"USC00042319","01","29",55.8,"S",0000-01-29,"Death Valley"
"USC00042319","01","30",56,"S",0000-01-30,"Death Valley"
"USC00042319","01","31",56.2,"S",0000-01-31,"Death Valley"
"USC00042319","02","1",56.4,"S",0000-02-01,"Death Valley"
"USC00042319","02","2",56.6,"S",0000-02-02,"Death Valley"
"USC00042319","02","3",56.8,"S",0000-02-03,"Death Valley"
"USC00042319","02","4",57,"S",0000-02-04,"Death Valley"
"USC00042319","02","5",57.2,"S",0000-02-05,"Death Valley"
"USC00042319","02","6",57.5,"S",0000-02-06,"Death Valley"
"USC00042319","02","7",57.7,"S",0000-02-07,"Death Valley"
"USC00042319","02","8",57.9,"S",0000-02-08,"Death Valley"
"USC00042319","02","9",58.2,"S",0000-02-09,"Death Valley"
"USC00042319","02","10",58.4,"S",0000-02-10,"Death Valley"
"USC00042319","02","11",58.7,"S",0000-02-11,"Death Valley"
"USC00042319","02","12",58.9,"S",0000-02-12,"Death Valley"
"USC00042319","02","13",59.2,"S",0000-02-13,"Death Valley"
"USC00042319","02","14",59.5,"S",0000-02-14,"Death Valley"
"USC00042319","02","15",59.8,"S",0000-02-15,"Death Valley"
"USC00042319","02","16",60.1,"S",0000-02-16,"Death Valley"
"USC00042319","02","17",60.3,"S",0000-02-17,"Death Valley"
"USC00042319","02","18",60.6,"S",0000-02-18,"Death Valley"
"USC00042319","02","19",60.9,"S",0000-02-19,"Death Valley"
"USC00042319","02","20",61.2,"S",0000-02-20,"Death Valley"
"USC00042319","02","21",61.6,"S",0000-02-21,"Death Valley"
"USC00042319","02","22",61.9,"S",0000-02-22,"Death Valley"
"USC00042319","02","23",62.2,"S",0000-02-23,"Death Valley"
"USC00042319","02","24",62.5,"S",0000-02-24,"Death Valley"
"USC00042319","02","25",62.8,"S",0000-02-25,"Death Valley"
"USC00042319","02","26",63.2,"S",0000-02-26,"Death Valley"
"USC00042319","02","27",63.5,"S",0000-02-27,"Death Valley"
"USC00042319","02","28",63.8,"S",0000-02-28,"Death Valley"
"USC00042319","02","29",64,"S",0000-02-29,"Death Valley"
"USC00042319","03","1",64.1,"S",0000-03-01,"Death Valley"
"USC00042319","03","2",64.5,"S",0000-03-02,"Death Valley"
"USC00042319","03","3",64.8,"S",0000-03-03,"Death Valley"
"USC00042319","03","4",65.1,"S",0000-03-04,"Death Valley"
"USC00042319","03","5",65.4,"S",0000-03-05,"Death Valley"
"USC00042319","03","6",65.7,"S",0000-03-06,"Death Valley"
"USC00042319","03","7",66,"S",0000-03-07,"Death Valley"
"USC00042319","03","8",66.3,"S",0000-03-08,"Death Valley"
"USC00042319","03","9",66.7,"S",0000-03-09,"Death Valley"
"USC00042319","03","10",67,"S",0000-03-10,"Death Valley"
"USC00042319","03","11",67.2,"S",0000-03-11,"Death Valley"
"USC00042319","03","12",67.5,"S",0000-03-12,"Death Valley"
"USC00042319","03","13",67.8,"S",0000-03-13,"Death Valley"
"USC00042319","03","14",68.1,"S",0000-03-14,"Death Valley"
"USC00042319","03","15",68.4,"S",0000-03-15,"Death Valley"
"USC00042319","03","16",68.6,"S",0000-03-16,"Death Valley"
"USC00042319","03","17",68.9,"S",0000-03-17,"Death Valley"
"USC00042319","03","18",69.2,"S",0000-03-18,"Death Valley"
"USC00042319","03","19",69.4,"S",0000-03-19,"Death Valley"
"USC00042319","03","20",69.7,"S",0000-03-20,"Death Valley"
"USC00042319","03","21",69.9,"S",0000-03-21,"Death Valley"
"USC00042319","03","22",70.1,"S",0000-03-22,"Death Valley"
"USC00042319","03","23",70.4,"S",0000-03-23,"Death Valley"
"USC00042319","03","24",70.6,"S",0000-03-24,"Death Valley"
"USC00042319","03","25",70.8,"S",0000-03-25,"Death Valley"
"USC00042319","03","26",71.1,"S",0000-03-26,"Death Valley"
"USC00042319","03","27",71.3,"S",0000-03-27,"Death Valley"
"USC00042319","03","28",71.5,"S",0000-03-28,"Death Valley"
"USC00042319","03","29",71.7,"S",0000-03-29,"Death Valley"
"USC00042319","03","30",71.9,"S",0000-03-30,"Death Valley"
"USC00042319","03","31",72.2,"S",0000-03-31,"Death Valley"
"USC00042319","04","1",72.4,"S",0000-04-01,"Death Valley"
"USC00042319","04","2",72.6,"S",0000-04-02,"Death Valley"
"USC00042319","04","3",72.8,"S",0000-04-03,"Death Valley"
"USC00042319","04","4",73.1,"S",0000-04-04,"Death Valley"
"USC00042319","04","5",73.3,"S",0000-04-05,"Death Valley"
"USC00042319","04","6",73.5,"S",0000-04-06,"Death Valley"
"USC00042319","04","7",73.8,"S",0000-04-07,"Death Valley"
"USC00042319","04","8",74,"S",0000-04-08,"Death Valley"
"USC00042319","04","9",74.3,"S",0000-04-09,"Death Valley"
"USC00042319","04","10",74.5,"S",0000-04-10,"Death Valley"
"USC00042319","04","11",74.8,"S",0000-04-11,"Death Valley"
"USC00042319","04","12",75.1,"S",0000-04-12,"Death Valley"
"USC00042319","04","13",75.3,"S",0000-04-13,"Death Valley"
"USC00042319","04","14",75.6,"S",0000-04-14,"Death Valley"
"USC00042319","04","15",75.9,"S",0000-04-15,"Death Valley"
"USC00042319","04","16",76.2,"S",0000-04-16,"Death Valley"
"USC00042319","04","17",76.5,"S",0000-04-17,"Death Valley"
"USC00042319","04","18",76.8,"S",0000-04-18,"Death Valley"
"USC00042319","04","19",77.1,"S",0000-04-19,"Death Valley"
"USC00042319","04","20",77.5,"S",0000-04-20,"Death Valley"
"USC00042319","04","21",77.8,"S",0000-04-21,"Death Valley"
"USC00042319","04","22",78.1,"S",0000-04-22,"Death Valley"
"USC00042319","04","23",78.5,"S",0000-04-23,"Death Valley"
"USC00042319","04","24",78.8,"S",0000-04-24,"Death Valley"
"USC00042319","04","25",79.2,"S",0000-04-25,"Death Valley"
"USC00042319","04","26",79.5,"S",0000-04-26,"Death Valley"
"USC00042319","04","27",79.9,"S",0000-04-27,"Death Valley"
"USC00042319","04","28",80.3,"S",0000-04-28,"Death Valley"
"USC00042319","04","29",80.6,"S",0000-04-29,"Death Valley"
"USC00042319","04","30",81,"S",0000-04-30,"Death Valley"
"USC00042319","05","1",81.4,"R",0000-05-01,"Death Valley"
"USC00042319","05","2",81.7,"R",0000-05-02,"Death Valley"
"USC00042319","05","3",82.1,"R",0000-05-03,"Death Valley"
"USC00042319","05","4",82.5,"R",0000-05-04,"Death Valley"
"USC00042319","05","5",82.9,"R",0000-05-05,"Death Valley"
"USC00042319","05","6",83.2,"R",0000-05-06,"Death Valley"
"USC00042319","05","7",83.6,"R",0000-05-07,"Death Valley"
"USC00042319","05","8",84,"R",0000-05-08,"Death Valley"
"USC00042319","05","9",84.3,"R",0000-05-09,"Death Valley"
"USC00042319","05","10",84.7,"R",0000-05-10,"Death Valley"
"USC00042319","05","11",85.1,"R",0000-05-11,"Death Valley"
"USC00042319","05","12",85.4,"R",0000-05-12,"Death Valley"
"USC00042319","05","13",85.8,"R",0000-05-13,"Death Valley"
"USC00042319","05","14",86.1,"R",0000-05-14,"Death Valley"
"USC00042319","05","15",86.4,"R",0000-05-15,"Death Valley"
"USC00042319","05","16",86.8,"R",0000-05-16,"Death Valley"
"USC00042319","05","17",87.1,"R",0000-05-17,"Death Valley"
"USC00042319","05","18",87.4,"R",0000-05-18,"Death Valley"
"USC00042319","05","19",87.8,"R",0000-05-19,"Death Valley"
"USC00042319","05","20",88.1,"R",0000-05-20,"Death Valley"
"USC00042319","05","21",88.4,"R",0000-05-21,"Death Valley"
"USC00042319","05","22",88.7,"R",0000-05-22,"Death Valley"
"USC00042319","05","23",89,"R",0000-05-23,"Death Valley"
"USC00042319","05","24",89.3,"R",0000-05-24,"Death Valley"
"USC00042319","05","25",89.6,"R",0000-05-25,"Death Valley"
"USC00042319","05","26",89.9,"R",0000-05-26,"Death Valley"
"USC00042319","05","27",90.1,"R",0000-05-27,"Death Valley"
"USC00042319","05","28",90.4,"R",0000-05-28,"Death Valley"
"USC00042319","05","29",90.7,"R",0000-05-29,"Death Valley"
"USC00042319","05","30",91,"R",0000-05-30,"Death Valley"
"USC00042319","05","31",91.3,"R",0000-05-31,"Death Valley"
"USC00042319","06","1",91.5,"R",0000-06-01,"Death Valley"
"USC00042319","06","2",91.8,"R",0000-06-02,"Death Valley"
"USC00042319","06","3",92.1,"R",0000-06-03,"Death Valley"
"USC00042319","06","4",92.3,"R",0000-06-04,"Death Valley"
"USC00042319","06","5",92.6,"R",0000-06-05,"Death Valley"
"USC00042319","06","6",92.9,"R",0000-06-06,"Death Valley"
"USC00042319","06","7",93.1,"R",0000-06-07,"Death Valley"
"USC00042319","06","8",93.4,"R",0000-06-08,"Death Valley"
"USC00042319","06","9",93.7,"R",0000-06-09,"Death Valley"
"USC00042319","06","10",94,"R",0000-06-10,"Death Valley"
"USC00042319","06","11",94.2,"R",0000-06-11,"Death Valley"
"USC00042319","06","12",94.5,"R",0000-06-12,"Death Valley"
"USC00042319","06","13",94.8,"R",0000-06-13,"Death Valley"
"USC00042319","06","14",95.1,"R",0000-06-14,"Death Valley"
"USC00042319","06","15",95.4,"R",0000-06-15,"Death Valley"
"USC00042319","06","16",95.7,"R",0000-06-16,"Death Valley"
"USC00042319","06","17",95.9,"R",0000-06-17,"Death Valley"
"USC00042319","06","18",96.2,"R",0000-06-18,"Death Valley"
"USC00042319","06","19",96.5,"R",0000-06-19,"Death Valley"
"USC00042319","06","20",96.8,"R",0000-06-20,"Death Valley"
"USC00042319","06","21",97.1,"R",0000-06-21,"Death Valley"
"USC00042319","06","22",97.4,"R",0000-06-22,"Death Valley"
"USC00042319","06","23",97.7,"R",0000-06-23,"Death Valley"
"USC00042319","06","24",98,"R",0000-06-24,"Death Valley"
"USC00042319","06","25",98.3,"R",0000-06-25,"Death Valley"
"USC00042319","06","26",98.5,"R",0000-06-26,"Death Valley"
"USC00042319","06","27",98.8,"R",0000-06-27,"Death Valley"
"USC00042319","06","28",99.1,"R",0000-06-28,"Death Valley"
"USC00042319","06","29",99.4,"R",0000-06-29,"Death Valley"
"USC00042319","06","30",99.6,"R",0000-06-30,"Death Valley"
"USC00042319","07","1",99.9,"R",0000-07-01,"Death Valley"
"USC00042319","07","2",100.2,"R",0000-07-02,"Death Valley"
"USC00042319","07","3",100.4,"R",0000-07-03,"Death Valley"
"USC00042319","07","4",100.6,"R",0000-07-04,"Death Valley"
"USC00042319","07","5",100.9,"R",0000-07-05,"Death Valley"
"USC00042319","07","6",101.1,"R",0000-07-06,"Death Valley"
"USC00042319","07","7",101.3,"R",0000-07-07,"Death Valley"
"USC00042319","07","8",101.5,"R",0000-07-08,"Death Valley"
"USC00042319","07","9",101.7,"R",0000-07-09,"Death Valley"
"USC00042319","07","10",101.9,"R",0000-07-10,"Death Valley"
"USC00042319","07","11",102.1,"R",0000-07-11,"Death Valley"
"USC00042319","07","12",102.2,"R",0000-07-12,"Death Valley"
"USC00042319","07","13",102.4,"R",0000-07-13,"Death Valley"
"USC00042319","07","14",102.5,"R",0000-07-14,"Death Valley"
"USC00042319","07","15",102.6,"R",0000-07-15,"Death Valley"
"USC00042319","07","16",102.8,"R",0000-07-16,"Death Valley"
"USC00042319","07","17",102.9,"R",0000-07-17,"Death Valley"
"USC00042319","07","18",102.9,"R",0000-07-18,"Death Valley"
"USC00042319","07","19",103,"R",0000-07-19,"Death Valley"
"USC00042319","07","20",103.1,"R",0000-07-20,"Death Valley"
"USC00042319","07","21",103.1,"R",0000-07-21,"Death Valley"
"USC00042319","07","22",103.1,"R",0000-07-22,"Death Valley"
"USC00042319","07","23",103.1,"R",0000-07-23,"Death Valley"
"USC00042319","07","24",103.2,"R",0000-07-24,"Death Valley"
"USC00042319","07","25",103.1,"R",0000-07-25,"Death Valley"
"USC00042319","07","26",103.1,"R",0000-07-26,"Death Valley"
"USC00042319","07","27",103.1,"R",0000-07-27,"Death Valley"
"USC00042319","07","28",103,"R",0000-07-28,"Death Valley"
"USC00042319","07","29",103,"R",0000-07-29,"Death Valley"
"USC00042319","07","30",102.9,"R",0000-07-30,"Death Valley"
"USC00042319","07","31",102.8,"R",0000-07-31,"Death Valley"
"USC00042319","08","1",102.7,"R",0000-08-01,"Death Valley"
"USC00042319","08","2",102.6,"R",0000-08-02,"Death Valley"
"USC00042319","08","3",102.5,"R",0000-08-03,"Death Valley"
"USC00042319","08","4",102.4,"R",0000-08-04,"Death Valley"
"USC00042319","08","5",102.3,"R",0000-08-05,"Death Valley"
"USC00042319","08","6",102.2,"R",0000-08-06,"Death Valley"
"USC00042319","08","7",102,"R",0000-08-07,"Death Valley"
"USC00042319","08","8",101.9,"R",0000-08-08,"Death Valley"
"USC00042319","08","9",101.7,"R",0000-08-09,"Death Valley"
"USC00042319","08","10",101.5,"R",0000-08-10,"Death Valley"
"USC00042319","08","11",101.4,"R",0000-08-11,"Death Valley"
"USC00042319","08","12",101.2,"R",0000-08-12,"Death Valley"
"USC00042319","08","13",101,"R",0000-08-13,"Death Valley"
"USC00042319","08","14",100.8,"R",0000-08-14,"Death Valley"
"USC00042319","08","15",100.6,"R",0000-08-15,"Death Valley"
"USC00042319","08","16",100.4,"R",0000-08-16,"Death Valley"
"USC00042319","08","17",100.2,"R",0000-08-17,"Death Valley"
"USC00042319","08","18",100,"R",0000-08-18,"Death Valley"
"USC00042319","08","19",99.8,"R",0000-08-19,"Death Valley"
"USC00042319","08","20",99.6,"R",0000-08-20,"Death Valley"
"USC00042319","08","21",99.4,"R",0000-08-21,"Death Valley"
"USC00042319","08","22",99.1,"R",0000-08-22,"Death Valley"
"USC00042319","08","23",98.9,"R",0000-08-23,"Death Valley"
"USC00042319","08","24",98.6,"R",0000-08-24,"Death Valley"
"USC00042319","08","25",98.4,"R",0000-08-25,"Death Valley"
"USC00042319","08","26",98.1,"R",0000-08-26,"Death Valley"
"USC00042319","08","27",97.9,"R",0000-08-27,"Death Valley"
"USC00042319","08","28",97.6,"R",0000-08-28,"Death Valley"
"USC00042319","08","29",97.3,"R",0000-08-29,"Death Valley"
"USC00042319","08","30",97.1,"R",0000-08-30,"Death Valley"
"USC00042319","08","31",96.8,"R",0000-08-31,"Death Valley"
"USC00042319","09","1",96.5,"R",0000-09-01,"Death Valley"
"USC00042319","09","2",96.2,"R",0000-09-02,"Death Valley"
"USC00042319","09","3",95.9,"R",0000-09-03,"Death Valley"
"USC00042319","09","4",95.6,"R",0000-09-04,"Death Valley"
"USC00042319","09","5",95.2,"R",0000-09-05,"Death Valley"
"USC00042319","09","6",94.9,"R",0000-09-06,"Death Valley"
"USC00042319","09","7",94.6,"R",0000-09-07,"Death Valley"
"USC00042319","09","8",94.2,"R",0000-09-08,"Death Valley"
"USC00042319","09","9",93.8,"R",0000-09-09,"Death Valley"
"USC00042319","09","10",93.5,"R",0000-09-10,"Death Valley"
"USC00042319","09","11",93.1,"R",0000-09-11,"Death Valley"
"USC00042319","09","12",92.7,"R",0000-09-12,"Death Valley"
"USC00042319","09","13",92.3,"R",0000-09-13,"Death Valley"
"USC00042319","09","14",91.9,"R",0000-09-14,"Death Valley"
"USC00042319","09","15",91.5,"R",0000-09-15,"Death Valley"
"USC00042319","09","16",91.1,"R",0000-09-16,"Death Valley"
"USC00042319","09","17",90.7,"R",0000-09-17,"Death Valley"
"USC00042319","09","18",90.3,"R",0000-09-18,"Death Valley"
"USC00042319","09","19",89.8,"R",0000-09-19,"Death Valley"
"USC00042319","09","20",89.4,"R",0000-09-20,"Death Valley"
"USC00042319","09","21",88.9,"R",0000-09-21,"Death Valley"
"USC00042319","09","22",88.5,"R",0000-09-22,"Death Valley"
"USC00042319","09","23",88,"R",0000-09-23,"Death Valley"
"USC00042319","09","24",87.6,"R",0000-09-24,"Death Valley"
"USC00042319","09","25",87.1,"R",0000-09-25,"Death Valley"
"USC00042319","09","26",86.6,"R",0000-09-26,"Death Valley"
"USC00042319","09","27",86.1,"R",0000-09-27,"Death Valley"
"USC00042319","09","28",85.7,"R",0000-09-28,"Death Valley"
"USC00042319","09","29",85.2,"R",0000-09-29,"Death Valley"
"USC00042319","09","30",84.7,"R",0000-09-30,"Death Valley"
"USC00042319","10","1",84.2,"S",0000-10-01,"Death Valley"
"USC00042319","10","2",83.7,"S",0000-10-02,"Death Valley"
"USC00042319","10","3",83.3,"S",0000-10-03,"Death Valley"
"USC00042319","10","4",82.8,"S",0000-10-04,"Death Valley"
"USC00042319","10","5",82.3,"S",0000-10-05,"Death Valley"
"USC00042319","10","6",81.8,"S",0000-10-06,"Death Valley"
"USC00042319","10","7",81.3,"S",0000-10-07,"Death Valley"
"USC00042319","10","8",80.9,"S",0000-10-08,"Death Valley"
"USC00042319","10","9",80.4,"S",0000-10-09,"Death Valley"
"USC00042319","10","10",79.9,"S",0000-10-10,"Death Valley"
"USC00042319","10","11",79.4,"S",0000-10-11,"Death Valley"
"USC00042319","10","12",79,"S",0000-10-12,"Death Valley"
"USC00042319","10","13",78.5,"S",0000-10-13,"Death Valley"
"USC00042319","10","14",78,"S",0000-10-14,"Death Valley"
"USC00042319","10","15",77.6,"S",0000-10-15,"Death Valley"
"USC00042319","10","16",77.1,"S",0000-10-16,"Death Valley"
"USC00042319","10","17",76.6,"S",0000-10-17,"Death Valley"
"USC00042319","10","18",76.2,"S",0000-10-18,"Death Valley"
"USC00042319","10","19",75.7,"S",0000-10-19,"Death Valley"
"USC00042319","10","20",75.3,"S",0000-10-20,"Death Valley"
"USC00042319","10","21",74.8,"S",0000-10-21,"Death Valley"
"USC00042319","10","22",74.3,"S",0000-10-22,"Death Valley"
"USC00042319","10","23",73.9,"S",0000-10-23,"Death Valley"
"USC00042319","10","24",73.4,"S",0000-10-24,"Death Valley"
"USC00042319","10","25",73,"S",0000-10-25,"Death Valley"
"USC00042319","10","26",72.5,"S",0000-10-26,"Death Valley"
"USC00042319","10","27",72.1,"S",0000-10-27,"Death Valley"
"USC00042319","10","28",71.6,"S",0000-10-28,"Death Valley"
"USC00042319","10","29",71.1,"S",0000-10-29,"Death Valley"
"USC00042319","10","30",70.7,"S",0000-10-30,"Death Valley"
"USC00042319","10","31",70.2,"S",0000-10-31,"Death Valley"
"USC00042319","11","1",69.7,"S",0000-11-01,"Death Valley"
"USC00042319","11","2",69.3,"S",0000-11-02,"Death Valley"
"USC00042319","11","3",68.8,"S",0000-11-03,"Death Valley"
"USC00042319","11","4",68.3,"S",0000-11-04,"Death Valley"
"USC00042319","11","5",67.8,"S",0000-11-05,"Death Valley"
"USC00042319","11","6",67.3,"S",0000-11-06,"Death Valley"
"USC00042319","11","7",66.9,"S",0000-11-07,"Death Valley"
"USC00042319","11","8",66.4,"S",0000-11-08,"Death Valley"
"USC00042319","11","9",65.9,"S",0000-11-09,"Death Valley"
"USC00042319","11","10",65.4,"S",0000-11-10,"Death Valley"
"USC00042319","11","11",64.9,"S",0000-11-11,"Death Valley"
"USC00042319","11","12",64.4,"S",0000-11-12,"Death Valley"
"USC00042319","11","13",63.9,"S",0000-11-13,"Death Valley"
"USC00042319","11","14",63.3,"S",0000-11-14,"Death Valley"
"USC00042319","11","15",62.8,"S",0000-11-15,"Death Valley"
"USC00042319","11","16",62.3,"S",0000-11-16,"Death Valley"
"USC00042319","11","17",61.8,"S",0000-11-17,"Death Valley"
"USC00042319","11","18",61.3,"S",0000-11-18,"Death Valley"
"USC00042319","11","19",60.8,"S",0000-11-19,"Death Valley"
"USC00042319","11","20",60.3,"S",0000-11-20,"Death Valley"
"USC00042319","11","21",59.8,"S",0000-11-21,"Death Valley"
"USC00042319","11","22",59.3,"S",0000-11-22,"Death Valley"
"USC00042319","11","23",58.8,"S",0000-11-23,"Death Valley"
"USC00042319","11","24",58.3,"S",0000-11-24,"Death Valley"
"USC00042319","11","25",57.9,"S",0000-11-25,"Death Valley"
"USC00042319","11","26",57.4,"S",0000-11-26,"Death Valley"
"USC00042319","11","27",56.9,"S",0000-11-27,"Death Valley"
"USC00042319","11","28",56.5,"S",0000-11-28,"Death Valley"
"USC00042319","11","29",56,"S",0000-11-29,"Death Valley"
"USC00042319","11","30",55.6,"S",0000-11-30,"Death Valley"
"USC00042319","12","1",55.2,"S",0000-12-01,"Death Valley"
"USC00042319","12","2",54.8,"S",0000-12-02,"Death Valley"
"USC00042319","12","3",54.4,"S",0000-12-03,"Death Valley"
"USC00042319","12","4",54,"S",0000-12-04,"Death Valley"
"USC00042319","12","5",53.7,"S",0000-12-05,"Death Valley"
"USC00042319","12","6",53.3,"S",0000-12-06,"Death Valley"
"USC00042319","12","7",53,"S",0000-12-07,"Death Valley"
"USC00042319","12","8",52.7,"S",0000-12-08,"Death Valley"
"USC00042319","12","9",52.4,"S",0000-12-09,"Death Valley"
"USC00042319","12","10",52.2,"S",0000-12-10,"Death Valley"
"USC00042319","12","11",51.9,"S",0000-12-11,"Death Valley"
"USC00042319","12","12",51.7,"S",0000-12-12,"Death Valley"
"USC00042319","12","13",51.5,"S",0000-12-13,"Death Valley"
"USC00042319","12","14",51.3,"S",0000-12-14,"Death Valley"
"USC00042319","12","15",51.1,"S",0000-12-15,"Death Valley"
"USC00042319","12","16",51,"S",0000-12-16,"Death Valley"
"USC00042319","12","17",50.9,"S",0000-12-17,"Death Valley"
"USC00042319","12","18",50.8,"S",0000-12-18,"Death Valley"
"USC00042319","12","19",50.7,"S",0000-12-19,"Death Valley"
"USC00042319","12","20",50.6,"S",0000-12-20,"Death Valley"
"USC00042319","12","21",50.6,"S",0000-12-21,"Death Valley"
"USC00042319","12","22",50.5,"S",0000-12-22,"Death Valley"
"USC00042319","12","23",50.5,"S",0000-12-23,"Death Valley"
"USC00042319","12","24",50.5,"S",0000-12-24,"Death Valley"
"USC00042319","12","25",50.5,"S",0000-12-25,"Death Valley"
"USC00042319","12","26",50.6,"S",0000-12-26,"Death Valley"
"USC00042319","12","27",50.6,"S",0000-12-27,"Death Valley"
"USC00042319","12","28",50.7,"S",0000-12-28,"Death Valley"
"USC00042319","12","29",50.8,"S",0000-12-29,"Death Valley"
"USC00042319","12","30",50.8,"S",0000-12-30,"Death Valley"
"USC00042319","12","31",50.9,"S",0000-12-31,"Death Valley"
"USW00012918","01","1",53.9,"S",0000-01-01,"Houston"
"USW00012918","01","2",53.8,"S",0000-01-02,"Houston"
"USW00012918","01","3",53.8,"S",0000-01-03,"Houston"
"USW00012918","01","4",53.8,"S",0000-01-04,"Houston"
"USW00012918","01","5",53.8,"S",0000-01-05,"Houston"
"USW00012918","01","6",53.7,"S",0000-01-06,"Houston"
"USW00012918","01","7",53.7,"S",0000-01-07,"Houston"
"USW00012918","01","8",53.7,"S",0000-01-08,"Houston"
"USW00012918","01","9",53.7,"S",0000-01-09,"Houston"
"USW00012918","01","10",53.7,"S",0000-01-10,"Houston"
"USW00012918","01","11",53.7,"S",0000-01-11,"Houston"
"USW00012918","01","12",53.8,"S",0000-01-12,"Houston"
"USW00012918","01","13",53.8,"S",0000-01-13,"Houston"
"USW00012918","01","14",53.8,"S",0000-01-14,"Houston"
"USW00012918","01","15",53.8,"S",0000-01-15,"Houston"
"USW00012918","01","16",53.9,"S",0000-01-16,"Houston"
"USW00012918","01","17",53.9,"S",0000-01-17,"Houston"
"USW00012918","01","18",53.9,"S",0000-01-18,"Houston"
"USW00012918","01","19",54,"S",0000-01-19,"Houston"
"USW00012918","01","20",54,"S",0000-01-20,"Houston"
"USW00012918","01","21",54.1,"S",0000-01-21,"Houston"
"USW00012918","01","22",54.2,"S",0000-01-22,"Houston"
"USW00012918","01","23",54.2,"S",0000-01-23,"Houston"
"USW00012918","01","24",54.3,"S",0000-01-24,"Houston"
"USW00012918","01","25",54.4,"S",0000-01-25,"Houston"
"USW00012918","01","26",54.4,"S",0000-01-26,"Houston"
"USW00012918","01","27",54.5,"S",0000-01-27,"Houston"
"USW00012918","01","28",54.6,"S",0000-01-28,"Houston"
"USW00012918","01","29",54.7,"S",0000-01-29,"Houston"
"USW00012918","01","30",54.8,"S",0000-01-30,"Houston"
"USW00012918","01","31",54.9,"S",0000-01-31,"Houston"
"USW00012918","02","1",55,"C",0000-02-01,"Houston"
"USW00012918","02","2",55.2,"C",0000-02-02,"Houston"
"USW00012918","02","3",55.3,"C",0000-02-03,"Houston"
"USW00012918","02","4",55.4,"C",0000-02-04,"Houston"
"USW00012918","02","5",55.6,"C",0000-02-05,"Houston"
"USW00012918","02","6",55.7,"C",0000-02-06,"Houston"
"USW00012918","02","7",55.8,"C",0000-02-07,"Houston"
"USW00012918","02","8",56,"C",0000-02-08,"Houston"
"USW00012918","02","9",56.2,"C",0000-02-09,"Houston"
"USW00012918","02","10",56.3,"C",0000-02-10,"Houston"
"USW00012918","02","11",56.5,"C",0000-02-11,"Houston"
"USW00012918","02","12",56.7,"C",0000-02-12,"Houston"
"USW00012918","02","13",56.8,"C",0000-02-13,"Houston"
"USW00012918","02","14",57,"C",0000-02-14,"Houston"
"USW00012918","02","15",57.2,"C",0000-02-15,"Houston"
"USW00012918","02","16",57.4,"C",0000-02-16,"Houston"
"USW00012918","02","17",57.6,"C",0000-02-17,"Houston"
"USW00012918","02","18",57.8,"C",0000-02-18,"Houston"
"USW00012918","02","19",58,"C",0000-02-19,"Houston"
"USW00012918","02","20",58.2,"C",0000-02-20,"Houston"
"USW00012918","02","21",58.4,"C",0000-02-21,"Houston"
"USW00012918","02","22",58.6,"C",0000-02-22,"Houston"
"USW00012918","02","23",58.8,"C",0000-02-23,"Houston"
"USW00012918","02","24",59,"C",0000-02-24,"Houston"
"USW00012918","02","25",59.3,"C",0000-02-25,"Houston"
"USW00012918","02","26",59.5,"C",0000-02-26,"Houston"
"USW00012918","02","27",59.7,"C",0000-02-27,"Houston"
"USW00012918","02","28",59.9,"C",0000-02-28,"Houston"
"USW00012918","02","29",60,"C",0000-02-29,"Houston"
"USW00012918","03","1",60.1,"C",0000-03-01,"Houston"
"USW00012918","03","2",60.4,"C",0000-03-02,"Houston"
"USW00012918","03","3",60.6,"C",0000-03-03,"Houston"
"USW00012918","03","4",60.8,"C",0000-03-04,"Houston"
"USW00012918","03","5",61,"C",0000-03-05,"Houston"
"USW00012918","03","6",61.2,"C",0000-03-06,"Houston"
"USW00012918","03","7",61.5,"C",0000-03-07,"Houston"
"USW00012918","03","8",61.7,"C",0000-03-08,"Houston"
"USW00012918","03","9",61.9,"C",0000-03-09,"Houston"
"USW00012918","03","10",62.1,"C",0000-03-10,"Houston"
"USW00012918","03","11",62.3,"C",0000-03-11,"Houston"
"USW00012918","03","12",62.5,"C",0000-03-12,"Houston"
"USW00012918","03","13",62.8,"C",0000-03-13,"Houston"
"USW00012918","03","14",63,"C",0000-03-14,"Houston"
"USW00012918","03","15",63.2,"C",0000-03-15,"Houston"
"USW00012918","03","16",63.4,"C",0000-03-16,"Houston"
"USW00012918","03","17",63.6,"C",0000-03-17,"Houston"
"USW00012918","03","18",63.8,"C",0000-03-18,"Houston"
"USW00012918","03","19",64,"C",0000-03-19,"Houston"
"USW00012918","03","20",64.2,"C",0000-03-20,"Houston"
"USW00012918","03","21",64.4,"C",0000-03-21,"Houston"
"USW00012918","03","22",64.6,"C",0000-03-22,"Houston"
"USW00012918","03","23",64.8,"C",0000-03-23,"Houston"
"USW00012918","03","24",65,"C",0000-03-24,"Houston"
"USW00012918","03","25",65.2,"C",0000-03-25,"Houston"
"USW00012918","03","26",65.4,"C",0000-03-26,"Houston"
"USW00012918","03","27",65.6,"C",0000-03-27,"Houston"
"USW00012918","03","28",65.8,"C",0000-03-28,"Houston"
"USW00012918","03","29",66,"C",0000-03-29,"Houston"
"USW00012918","03","30",66.2,"C",0000-03-30,"Houston"
"USW00012918","03","31",66.4,"C",0000-03-31,"Houston"
"USW00012918","04","1",66.6,"C",0000-04-01,"Houston"
"USW00012918","04","2",66.8,"C",0000-04-02,"Houston"
"USW00012918","04","3",67.1,"C",0000-04-03,"Houston"
"USW00012918","04","4",67.3,"C",0000-04-04,"Houston"
"USW00012918","04","5",67.5,"C",0000-04-05,"Houston"
"USW00012918","04","6",67.7,"C",0000-04-06,"Houston"
"USW00012918","04","7",67.9,"C",0000-04-07,"Houston"
"USW00012918","04","8",68.1,"C",0000-04-08,"Houston"
"USW00012918","04","9",68.3,"C",0000-04-09,"Houston"
"USW00012918","04","10",68.5,"C",0000-04-10,"Houston"
"USW00012918","04","11",68.8,"C",0000-04-11,"Houston"
"USW00012918","04","12",69,"C",0000-04-12,"Houston"
"USW00012918","04","13",69.2,"C",0000-04-13,"Houston"
"USW00012918","04","14",69.4,"C",0000-04-14,"Houston"
"USW00012918","04","15",69.7,"C",0000-04-15,"Houston"
"USW00012918","04","16",69.9,"C",0000-04-16,"Houston"
"USW00012918","04","17",70.1,"C",0000-04-17,"Houston"
"USW00012918","04","18",70.4,"C",0000-04-18,"Houston"
"USW00012918","04","19",70.6,"C",0000-04-19,"Houston"
"USW00012918","04","20",70.8,"C",0000-04-20,"Houston"
"USW00012918","04","21",71.1,"C",0000-04-21,"Houston"
"USW00012918","04","22",71.3,"C",0000-04-22,"Houston"
"USW00012918","04","23",71.6,"C",0000-04-23,"Houston"
"USW00012918","04","24",71.8,"C",0000-04-24,"Houston"
"USW00012918","04","25",72.1,"C",0000-04-25,"Houston"
"USW00012918","04","26",72.3,"C",0000-04-26,"Houston"
"USW00012918","04","27",72.6,"C",0000-04-27,"Houston"
"USW00012918","04","28",72.8,"C",0000-04-28,"Houston"
"USW00012918","04","29",73.1,"C",0000-04-29,"Houston"
"USW00012918","04","30",73.3,"C",0000-04-30,"Houston"
"USW00012918","05","1",73.6,"C",0000-05-01,"Houston"
"USW00012918","05","2",73.8,"C",0000-05-02,"Houston"
"USW00012918","05","3",74.1,"C",0000-05-03,"Houston"
"USW00012918","05","4",74.3,"C",0000-05-04,"Houston"
"USW00012918","05","5",74.6,"C",0000-05-05,"Houston"
"USW00012918","05","6",74.8,"C",0000-05-06,"Houston"
"USW00012918","05","7",75,"C",0000-05-07,"Houston"
"USW00012918","05","8",75.3,"C",0000-05-08,"Houston"
"USW00012918","05","9",75.5,"C",0000-05-09,"Houston"
"USW00012918","05","10",75.8,"C",0000-05-10,"Houston"
"USW00012918","05","11",76,"C",0000-05-11,"Houston"
"USW00012918","05","12",76.3,"C",0000-05-12,"Houston"
"USW00012918","05","13",76.5,"C",0000-05-13,"Houston"
"USW00012918","05","14",76.7,"C",0000-05-14,"Houston"
"USW00012918","05","15",76.9,"C",0000-05-15,"Houston"
"USW00012918","05","16",77.2,"C",0000-05-16,"Houston"
"USW00012918","05","17",77.4,"C",0000-05-17,"Houston"
"USW00012918","05","18",77.6,"C",0000-05-18,"Houston"
"USW00012918","05","19",77.8,"C",0000-05-19,"Houston"
"USW00012918","05","20",78,"C",0000-05-20,"Houston"
"USW00012918","05","21",78.3,"C",0000-05-21,"Houston"
"USW00012918","05","22",78.5,"C",0000-05-22,"Houston"
"USW00012918","05","23",78.7,"C",0000-05-23,"Houston"
"USW00012918","05","24",78.9,"C",0000-05-24,"Houston"
"USW00012918","05","25",79,"C",0000-05-25,"Houston"
"USW00012918","05","26",79.2,"C",0000-05-26,"Houston"
"USW00012918","05","27",79.4,"C",0000-05-27,"Houston"
"USW00012918","05","28",79.6,"C",0000-05-28,"Houston"
"USW00012918","05","29",79.8,"C",0000-05-29,"Houston"
"USW00012918","05","30",79.9,"C",0000-05-30,"Houston"
"USW00012918","05","31",80.1,"C",0000-05-31,"Houston"
"USW00012918","06","1",80.3,"C",0000-06-01,"Houston"
"USW00012918","06","2",80.4,"C",0000-06-02,"Houston"
"USW00012918","06","3",80.6,"C",0000-06-03,"Houston"
"USW00012918","06","4",80.7,"C",0000-06-04,"Houston"
"USW00012918","06","5",80.9,"C",0000-06-05,"Houston"
"USW00012918","06","6",81,"C",0000-06-06,"Houston"
"USW00012918","06","7",81.2,"C",0000-06-07,"Houston"
"USW00012918","06","8",81.3,"C",0000-06-08,"Houston"
"USW00012918","06","9",81.4,"C",0000-06-09,"Houston"
"USW00012918","06","10",81.5,"C",0000-06-10,"Houston"
"USW00012918","06","11",81.7,"C",0000-06-11,"Houston"
"USW00012918","06","12",81.8,"C",0000-06-12,"Houston"
"USW00012918","06","13",81.9,"C",0000-06-13,"Houston"
"USW00012918","06","14",82,"C",0000-06-14,"Houston"
"USW00012918","06","15",82.1,"C",0000-06-15,"Houston"
"USW00012918","06","16",82.2,"C",0000-06-16,"Houston"
"USW00012918","06","17",82.3,"C",0000-06-17,"Houston"
"USW00012918","06","18",82.4,"C",0000-06-18,"Houston"
"USW00012918","06","19",82.5,"C",0000-06-19,"Houston"
"USW00012918","06","20",82.5,"C",0000-06-20,"Houston"
"USW00012918","06","21",82.6,"C",0000-06-21,"Houston"
"USW00012918","06","22",82.7,"C",0000-06-22,"Houston"
"USW00012918","06","23",82.8,"C",0000-06-23,"Houston"
"USW00012918","06","24",82.8,"C",0000-06-24,"Houston"
"USW00012918","06","25",82.9,"C",0000-06-25,"Houston"
"USW00012918","06","26",83,"C",0000-06-26,"Houston"
"USW00012918","06","27",83,"C",0000-06-27,"Houston"
"USW00012918","06","28",83.1,"C",0000-06-28,"Houston"
"USW00012918","06","29",83.1,"C",0000-06-29,"Houston"
"USW00012918","06","30",83.2,"C",0000-06-30,"Houston"
"USW00012918","07","1",83.2,"C",0000-07-01,"Houston"
"USW00012918","07","2",83.3,"C",0000-07-02,"Houston"
"USW00012918","07","3",83.3,"C",0000-07-03,"Houston"
"USW00012918","07","4",83.4,"C",0000-07-04,"Houston"
"USW00012918","07","5",83.4,"C",0000-07-05,"Houston"
"USW00012918","07","6",83.5,"C",0000-07-06,"Houston"
"USW00012918","07","7",83.5,"C",0000-07-07,"Houston"
"USW00012918","07","8",83.5,"C",0000-07-08,"Houston"
"USW00012918","07","9",83.6,"C",0000-07-09,"Houston"
"USW00012918","07","10",83.6,"C",0000-07-10,"Houston"
"USW00012918","07","11",83.7,"C",0000-07-11,"Houston"
"USW00012918","07","12",83.7,"C",0000-07-12,"Houston"
"USW00012918","07","13",83.7,"C",0000-07-13,"Houston"
"USW00012918","07","14",83.8,"C",0000-07-14,"Houston"
"USW00012918","07","15",83.8,"C",0000-07-15,"Houston"
"USW00012918","07","16",83.8,"C",0000-07-16,"Houston"
"USW00012918","07","17",83.8,"C",0000-07-17,"Houston"
"USW00012918","07","18",83.9,"C",0000-07-18,"Houston"
"USW00012918","07","19",83.9,"C",0000-07-19,"Houston"
"USW00012918","07","20",83.9,"C",0000-07-20,"Houston"
"USW00012918","07","21",84,"C",0000-07-21,"Houston"
"USW00012918","07","22",84,"C",0000-07-22,"Houston"
"USW00012918","07","23",84,"C",0000-07-23,"Houston"
"USW00012918","07","24",84.1,"C",0000-07-24,"Houston"
"USW00012918","07","25",84.1,"C",0000-07-25,"Houston"
"USW00012918","07","26",84.1,"C",0000-07-26,"Houston"
"USW00012918","07","27",84.2,"C",0000-07-27,"Houston"
"USW00012918","07","28",84.2,"C",0000-07-28,"Houston"
"USW00012918","07","29",84.2,"C",0000-07-29,"Houston"
"USW00012918","07","30",84.2,"C",0000-07-30,"Houston"
"USW00012918","07","31",84.3,"C",0000-07-31,"Houston"
"USW00012918","08","1",84.3,"C",0000-08-01,"Houston"
"USW00012918","08","2",84.3,"C",0000-08-02,"Houston"
"USW00012918","08","3",84.3,"C",0000-08-03,"Houston"
"USW00012918","08","4",84.4,"C",0000-08-04,"Houston"
"USW00012918","08","5",84.4,"C",0000-08-05,"Houston"
"USW00012918","08","6",84.4,"C",0000-08-06,"Houston"
"USW00012918","08","7",84.4,"C",0000-08-07,"Houston"
"USW00012918","08","8",84.4,"C",0000-08-08,"Houston"
"USW00012918","08","9",84.4,"C",0000-08-09,"Houston"
"USW00012918","08","10",84.4,"C",0000-08-10,"Houston"
"USW00012918","08","11",84.4,"C",0000-08-11,"Houston"
"USW00012918","08","12",84.4,"C",0000-08-12,"Houston"
"USW00012918","08","13",84.4,"C",0000-08-13,"Houston"
"USW00012918","08","14",84.4,"C",0000-08-14,"Houston"
"USW00012918","08","15",84.4,"C",0000-08-15,"Houston"
"USW00012918","08","16",84.4,"C",0000-08-16,"Houston"
"USW00012918","08","17",84.3,"C",0000-08-17,"Houston"
"USW00012918","08","18",84.3,"C",0000-08-18,"Houston"
"USW00012918","08","19",84.3,"C",0000-08-19,"Houston"
"USW00012918","08","20",84.2,"C",0000-08-20,"Houston"
"USW00012918","08","21",84.2,"C",0000-08-21,"Houston"
"USW00012918","08","22",84.1,"C",0000-08-22,"Houston"
"USW00012918","08","23",84,"C",0000-08-23,"Houston"
"USW00012918","08","24",84,"C",0000-08-24,"Houston"
"USW00012918","08","25",83.9,"C",0000-08-25,"Houston"
"USW00012918","08","26",83.8,"C",0000-08-26,"Houston"
"USW00012918","08","27",83.7,"C",0000-08-27,"Houston"
"USW00012918","08","28",83.6,"C",0000-08-28,"Houston"
"USW00012918","08","29",83.5,"C",0000-08-29,"Houston"
"USW00012918","08","30",83.3,"C",0000-08-30,"Houston"
"USW00012918","08","31",83.2,"C",0000-08-31,"Houston"
"USW00012918","09","1",83.1,"C",0000-09-01,"Houston"
"USW00012918","09","2",82.9,"C",0000-09-02,"Houston"
"USW00012918","09","3",82.8,"C",0000-09-03,"Houston"
"USW00012918","09","4",82.6,"C",0000-09-04,"Houston"
"USW00012918","09","5",82.4,"C",0000-09-05,"Houston"
"USW00012918","09","6",82.2,"C",0000-09-06,"Houston"
"USW00012918","09","7",82.1,"C",0000-09-07,"Houston"
"USW00012918","09","8",81.9,"C",0000-09-08,"Houston"
"USW00012918","09","9",81.7,"C",0000-09-09,"Houston"
"USW00012918","09","10",81.5,"C",0000-09-10,"Houston"
"USW00012918","09","11",81.2,"C",0000-09-11,"Houston"
"USW00012918","09","12",81,"C",0000-09-12,"Houston"
"USW00012918","09","13",80.8,"C",0000-09-13,"Houston"
"USW00012918","09","14",80.6,"C",0000-09-14,"Houston"
"USW00012918","09","15",80.3,"C",0000-09-15,"Houston"
"USW00012918","09","16",80.1,"C",0000-09-16,"Houston"
"USW00012918","09","17",79.9,"C",0000-09-17,"Houston"
"USW00012918","09","18",79.6,"C",0000-09-18,"Houston"
"USW00012918","09","19",79.4,"C",0000-09-19,"Houston"
"USW00012918","09","20",79.1,"C",0000-09-20,"Houston"
"USW00012918","09","21",78.8,"C",0000-09-21,"Houston"
"USW00012918","09","22",78.6,"C",0000-09-22,"Houston"
"USW00012918","09","23",78.3,"C",0000-09-23,"Houston"
"USW00012918","09","24",78.1,"C",0000-09-24,"Houston"
"USW00012918","09","25",77.8,"C",0000-09-25,"Houston"
"USW00012918","09","26",77.5,"C",0000-09-26,"Houston"
"USW00012918","09","27",77.3,"C",0000-09-27,"Houston"
"USW00012918","09","28",77,"C",0000-09-28,"Houston"
"USW00012918","09","29",76.7,"C",0000-09-29,"Houston"
"USW00012918","09","30",76.5,"C",0000-09-30,"Houston"
"USW00012918","10","1",76.2,"C",0000-10-01,"Houston"
"USW00012918","10","2",75.9,"C",0000-10-02,"Houston"
"USW00012918","10","3",75.7,"C",0000-10-03,"Houston"
"USW00012918","10","4",75.4,"C",0000-10-04,"Houston"
"USW00012918","10","5",75.1,"C",0000-10-05,"Houston"
"USW00012918","10","6",74.8,"C",0000-10-06,"Houston"
"USW00012918","10","7",74.6,"C",0000-10-07,"Houston"
"USW00012918","10","8",74.3,"C",0000-10-08,"Houston"
"USW00012918","10","9",74,"C",0000-10-09,"Houston"
"USW00012918","10","10",73.8,"C",0000-10-10,"Houston"
"USW00012918","10","11",73.5,"C",0000-10-11,"Houston"
"USW00012918","10","12",73.2,"C",0000-10-12,"Houston"
"USW00012918","10","13",73,"C",0000-10-13,"Houston"
"USW00012918","10","14",72.7,"C",0000-10-14,"Houston"
"USW00012918","10","15",72.4,"C",0000-10-15,"Houston"
"USW00012918","10","16",72.2,"C",0000-10-16,"Houston"
"USW00012918","10","17",71.9,"C",0000-10-17,"Houston"
"USW00012918","10","18",71.6,"C",0000-10-18,"Houston"
"USW00012918","10","19",71.4,"C",0000-10-19,"Houston"
"USW00012918","10","20",71.1,"C",0000-10-20,"Houston"
"USW00012918","10","21",70.8,"C",0000-10-21,"Houston"
"USW00012918","10","22",70.6,"C",0000-10-22,"Houston"
"USW00012918","10","23",70.3,"C",0000-10-23,"Houston"
"USW00012918","10","24",70,"C",0000-10-24,"Houston"
"USW00012918","10","25",69.7,"C",0000-10-25,"Houston"
"USW00012918","10","26",69.4,"C",0000-10-26,"Houston"
"USW00012918","10","27",69.2,"C",0000-10-27,"Houston"
"USW00012918","10","28",68.9,"C",0000-10-28,"Houston"
"USW00012918","10","29",68.6,"C",0000-10-29,"Houston"
"USW00012918","10","30",68.3,"C",0000-10-30,"Houston"
"USW00012918","10","31",68,"C",0000-10-31,"Houston"
"USW00012918","11","1",67.7,"C",0000-11-01,"Houston"
"USW00012918","11","2",67.4,"C",0000-11-02,"Houston"
"USW00012918","11","3",67.1,"C",0000-11-03,"Houston"
"USW00012918","11","4",66.8,"C",0000-11-04,"Houston"
"USW00012918","11","5",66.5,"C",0000-11-05,"Houston"
"USW00012918","11","6",66.2,"C",0000-11-06,"Houston"
"USW00012918","11","7",65.9,"C",0000-11-07,"Houston"
"USW00012918","11","8",65.5,"C",0000-11-08,"Houston"
"USW00012918","11","9",65.2,"C",0000-11-09,"Houston"
"USW00012918","11","10",64.9,"C",0000-11-10,"Houston"
"USW00012918","11","11",64.6,"C",0000-11-11,"Houston"
"USW00012918","11","12",64.3,"C",0000-11-12,"Houston"
"USW00012918","11","13",63.9,"C",0000-11-13,"Houston"
"USW00012918","11","14",63.6,"C",0000-11-14,"Houston"
"USW00012918","11","15",63.3,"C",0000-11-15,"Houston"
"USW00012918","11","16",63,"C",0000-11-16,"Houston"
"USW00012918","11","17",62.6,"C",0000-11-17,"Houston"
"USW00012918","11","18",62.3,"C",0000-11-18,"Houston"
"USW00012918","11","19",62,"C",0000-11-19,"Houston"
"USW00012918","11","20",61.7,"C",0000-11-20,"Houston"
"USW00012918","11","21",61.4,"C",0000-11-21,"Houston"
"USW00012918","11","22",61.1,"C",0000-11-22,"Houston"
"USW00012918","11","23",60.7,"C",0000-11-23,"Houston"
"USW00012918","11","24",60.4,"C",0000-11-24,"Houston"
"USW00012918","11","25",60.1,"C",0000-11-25,"Houston"
"USW00012918","11","26",59.8,"C",0000-11-26,"Houston"
"USW00012918","11","27",59.5,"C",0000-11-27,"Houston"
"USW00012918","11","28",59.3,"C",0000-11-28,"Houston"
"USW00012918","11","29",59,"C",0000-11-29,"Houston"
"USW00012918","11","30",58.7,"C",0000-11-30,"Houston"
"USW00012918","12","1",58.4,"C",0000-12-01,"Houston"
"USW00012918","12","2",58.2,"C",0000-12-02,"Houston"
"USW00012918","12","3",57.9,"C",0000-12-03,"Houston"
"USW00012918","12","4",57.7,"C",0000-12-04,"Houston"
"USW00012918","12","5",57.4,"C",0000-12-05,"Houston"
"USW00012918","12","6",57.2,"C",0000-12-06,"Houston"
"USW00012918","12","7",57,"C",0000-12-07,"Houston"
"USW00012918","12","8",56.7,"C",0000-12-08,"Houston"
"USW00012918","12","9",56.5,"C",0000-12-09,"Houston"
"USW00012918","12","10",56.3,"C",0000-12-10,"Houston"
"USW00012918","12","11",56.1,"C",0000-12-11,"Houston"
"USW00012918","12","12",55.9,"C",0000-12-12,"Houston"
"USW00012918","12","13",55.8,"C",0000-12-13,"Houston"
"USW00012918","12","14",55.6,"C",0000-12-14,"Houston"
"USW00012918","12","15",55.4,"C",0000-12-15,"Houston"
"USW00012918","12","16",55.3,"C",0000-12-16,"Houston"
"USW00012918","12","17",55.1,"C",0000-12-17,"Houston"
"USW00012918","12","18",55,"C",0000-12-18,"Houston"
"USW00012918","12","19",54.9,"C",0000-12-19,"Houston"
"USW00012918","12","20",54.8,"C",0000-12-20,"Houston"
"USW00012918","12","21",54.6,"C",0000-12-21,"Houston"
"USW00012918","12","22",54.5,"C",0000-12-22,"Houston"
"USW00012918","12","23",54.4,"C",0000-12-23,"Houston"
"USW00012918","12","24",54.3,"C",0000-12-24,"Houston"
"USW00012918","12","25",54.3,"C",0000-12-25,"Houston"
"USW00012918","12","26",54.2,"C",0000-12-26,"Houston"
"USW00012918","12","27",54.1,"C",0000-12-27,"Houston"
"USW00012918","12","28",54.1,"C",0000-12-28,"Houston"
"USW00012918","12","29",54,"C",0000-12-29,"Houston"
"USW00012918","12","30",53.9,"C",0000-12-30,"Houston"
"USW00012918","12","31",53.9,"C",0000-12-31,"Houston"
"USW00014819","01","1",25.6,"C",0000-01-01,"Chicago"
"USW00014819","01","2",25.5,"C",0000-01-02,"Chicago"
"USW00014819","01","3",25.3,"C",0000-01-03,"Chicago"
"USW00014819","01","4",25.2,"C",0000-01-04,"Chicago"
"USW00014819","01","5",25.1,"C",0000-01-05,"Chicago"
"USW00014819","01","6",25.1,"C",0000-01-06,"Chicago"
"USW00014819","01","7",25,"C",0000-01-07,"Chicago"
"USW00014819","01","8",24.9,"C",0000-01-08,"Chicago"
"USW00014819","01","9",24.8,"C",0000-01-09,"Chicago"
"USW00014819","01","10",24.8,"C",0000-01-10,"Chicago"
"USW00014819","01","11",24.7,"C",0000-01-11,"Chicago"
"USW00014819","01","12",24.7,"C",0000-01-12,"Chicago"
"USW00014819","01","13",24.6,"C",0000-01-13,"Chicago"
"USW00014819","01","14",24.6,"C",0000-01-14,"Chicago"
"USW00014819","01","15",24.5,"C",0000-01-15,"Chicago"
"USW00014819","01","16",24.5,"C",0000-01-16,"Chicago"
"USW00014819","01","17",24.5,"C",0000-01-17,"Chicago"
"USW00014819","01","18",24.5,"C",0000-01-18,"Chicago"
"USW00014819","01","19",24.5,"C",0000-01-19,"Chicago"
"USW00014819","01","20",24.5,"C",0000-01-20,"Chicago"
"USW00014819","01","21",24.5,"C",0000-01-21,"Chicago"
"USW00014819","01","22",24.6,"C",0000-01-22,"Chicago"
"USW00014819","01","23",24.6,"C",0000-01-23,"Chicago"
"USW00014819","01","24",24.7,"C",0000-01-24,"Chicago"
"USW00014819","01","25",24.7,"C",0000-01-25,"Chicago"
"USW00014819","01","26",24.8,"C",0000-01-26,"Chicago"
"USW00014819","01","27",24.9,"C",0000-01-27,"Chicago"
"USW00014819","01","28",25,"C",0000-01-28,"Chicago"
"USW00014819","01","29",25.1,"C",0000-01-29,"Chicago"
"USW00014819","01","30",25.2,"C",0000-01-30,"Chicago"
"USW00014819","01","31",25.3,"C",0000-01-31,"Chicago"
"USW00014819","02","1",25.5,"C",0000-02-01,"Chicago"
"USW00014819","02","2",25.6,"C",0000-02-02,"Chicago"
"USW00014819","02","3",25.8,"C",0000-02-03,"Chicago"
"USW00014819","02","4",26,"C",0000-02-04,"Chicago"
"USW00014819","02","5",26.1,"C",0000-02-05,"Chicago"
"USW00014819","02","6",26.3,"C",0000-02-06,"Chicago"
"USW00014819","02","7",26.6,"C",0000-02-07,"Chicago"
"USW00014819","02","8",26.8,"C",0000-02-08,"Chicago"
"USW00014819","02","9",27,"C",0000-02-09,"Chicago"
"USW00014819","02","10",27.3,"C",0000-02-10,"Chicago"
"USW00014819","02","11",27.5,"C",0000-02-11,"Chicago"
"USW00014819","02","12",27.8,"C",0000-02-12,"Chicago"
"USW00014819","02","13",28.1,"C",0000-02-13,"Chicago"
"USW00014819","02","14",28.3,"C",0000-02-14,"Chicago"
"USW00014819","02","15",28.6,"C",0000-02-15,"Chicago"
"USW00014819","02","16",28.9,"C",0000-02-16,"Chicago"
"USW00014819","02","17",29.2,"C",0000-02-17,"Chicago"
"USW00014819","02","18",29.6,"C",0000-02-18,"Chicago"
"USW00014819","02","19",29.9,"C",0000-02-19,"Chicago"
"USW00014819","02","20",30.2,"C",0000-02-20,"Chicago"
"USW00014819","02","21",30.5,"C",0000-02-21,"Chicago"
"USW00014819","02","22",30.9,"C",0000-02-22,"Chicago"
"USW00014819","02","23",31.2,"C",0000-02-23,"Chicago"
"USW00014819","02","24",31.6,"C",0000-02-24,"Chicago"
"USW00014819","02","25",31.9,"C",0000-02-25,"Chicago"
"USW00014819","02","26",32.3,"C",0000-02-26,"Chicago"
"USW00014819","02","27",32.6,"C",0000-02-27,"Chicago"
"USW00014819","02","28",33,"C",0000-02-28,"Chicago"
"USW00014819","02","29",33.2,"C",0000-02-29,"Chicago"
"USW00014819","03","1",33.3,"C",0000-03-01,"Chicago"
"USW00014819","03","2",33.7,"C",0000-03-02,"Chicago"
"USW00014819","03","3",34.1,"C",0000-03-03,"Chicago"
"USW00014819","03","4",34.4,"C",0000-03-04,"Chicago"
"USW00014819","03","5",34.8,"C",0000-03-05,"Chicago"
"USW00014819","03","6",35.2,"C",0000-03-06,"Chicago"
"USW00014819","03","7",35.5,"C",0000-03-07,"Chicago"
"USW00014819","03","8",35.9,"C",0000-03-08,"Chicago"
"USW00014819","03","9",36.3,"C",0000-03-09,"Chicago"
"USW00014819","03","10",36.6,"C",0000-03-10,"Chicago"
"USW00014819","03","11",37,"C",0000-03-11,"Chicago"
"USW00014819","03","12",37.4,"C",0000-03-12,"Chicago"
"USW00014819","03","13",37.7,"C",0000-03-13,"Chicago"
"USW00014819","03","14",38.1,"C",0000-03-14,"Chicago"
"USW00014819","03","15",38.5,"C",0000-03-15,"Chicago"
"USW00014819","03","16",38.8,"C",0000-03-16,"Chicago"
"USW00014819","03","17",39.2,"C",0000-03-17,"Chicago"
"USW00014819","03","18",39.6,"C",0000-03-18,"Chicago"
"USW00014819","03","19",39.9,"C",0000-03-19,"Chicago"
"USW00014819","03","20",40.3,"C",0000-03-20,"Chicago"
"USW00014819","03","21",40.7,"C",0000-03-21,"Chicago"
"USW00014819","03","22",41,"C",0000-03-22,"Chicago"
"USW00014819","03","23",41.4,"C",0000-03-23,"Chicago"
"USW00014819","03","24",41.8,"C",0000-03-24,"Chicago"
"USW00014819","03","25",42.2,"C",0000-03-25,"Chicago"
"USW00014819","03","26",42.5,"C",0000-03-26,"Chicago"
"USW00014819","03","27",42.9,"C",0000-03-27,"Chicago"
"USW00014819","03","28",43.3,"C",0000-03-28,"Chicago"
"USW00014819","03","29",43.7,"C",0000-03-29,"Chicago"
"USW00014819","03","30",44.1,"C",0000-03-30,"Chicago"
"USW00014819","03","31",44.4,"C",0000-03-31,"Chicago"
"USW00014819","04","1",44.8,"C",0000-04-01,"Chicago"
"USW00014819","04","2",45.2,"C",0000-04-02,"Chicago"
"USW00014819","04","3",45.6,"C",0000-04-03,"Chicago"
"USW00014819","04","4",46,"C",0000-04-04,"Chicago"
"USW00014819","04","5",46.4,"C",0000-04-05,"Chicago"
"USW00014819","04","6",46.8,"C",0000-04-06,"Chicago"
"USW00014819","04","7",47.2,"C",0000-04-07,"Chicago"
"USW00014819","04","8",47.6,"C",0000-04-08,"Chicago"
"USW00014819","04","9",48,"C",0000-04-09,"Chicago"
"USW00014819","04","10",48.4,"C",0000-04-10,"Chicago"
"USW00014819","04","11",48.7,"C",0000-04-11,"Chicago"
"USW00014819","04","12",49.1,"C",0000-04-12,"Chicago"
"USW00014819","04","13",49.5,"C",0000-04-13,"Chicago"
"USW00014819","04","14",49.9,"C",0000-04-14,"Chicago"
"USW00014819","04","15",50.3,"C",0000-04-15,"Chicago"
"USW00014819","04","16",50.7,"C",0000-04-16,"Chicago"
"USW00014819","04","17",51.1,"C",0000-04-17,"Chicago"
"USW00014819","04","18",51.5,"C",0000-04-18,"Chicago"
"USW00014819","04","19",51.9,"C",0000-04-19,"Chicago"
"USW00014819","04","20",52.2,"C",0000-04-20,"Chicago"
"USW00014819","04","21",52.6,"C",0000-04-21,"Chicago"
"USW00014819","04","22",53,"C",0000-04-22,"Chicago"
"USW00014819","04","23",53.4,"C",0000-04-23,"Chicago"
"USW00014819","04","24",53.7,"C",0000-04-24,"Chicago"
"USW00014819","04","25",54.1,"C",0000-04-25,"Chicago"
"USW00014819","04","26",54.5,"C",0000-04-26,"Chicago"
"USW00014819","04","27",54.8,"C",0000-04-27,"Chicago"
"USW00014819","04","28",55.2,"C",0000-04-28,"Chicago"
"USW00014819","04","29",55.5,"C",0000-04-29,"Chicago"
"USW00014819","04","30",55.8,"C",0000-04-30,"Chicago"
"USW00014819","05","1",56.2,"C",0000-05-01,"Chicago"
"USW00014819","05","2",56.5,"C",0000-05-02,"Chicago"
"USW00014819","05","3",56.8,"C",0000-05-03,"Chicago"
"USW00014819","05","4",57.2,"C",0000-05-04,"Chicago"
"USW00014819","05","5",57.5,"C",0000-05-05,"Chicago"
"USW00014819","05","6",57.8,"C",0000-05-06,"Chicago"
"USW00014819","05","7",58.1,"C",0000-05-07,"Chicago"
"USW00014819","05","8",58.4,"C",0000-05-08,"Chicago"
"USW00014819","05","9",58.7,"C",0000-05-09,"Chicago"
"USW00014819","05","10",59,"C",0000-05-10,"Chicago"
"USW00014819","05","11",59.3,"C",0000-05-11,"Chicago"
"USW00014819","05","12",59.6,"C",0000-05-12,"Chicago"
"USW00014819","05","13",60,"C",0000-05-13,"Chicago"
"USW00014819","05","14",60.3,"C",0000-05-14,"Chicago"
"USW00014819","05","15",60.6,"C",0000-05-15,"Chicago"
"USW00014819","05","16",60.9,"C",0000-05-16,"Chicago"
"USW00014819","05","17",61.2,"C",0000-05-17,"Chicago"
"USW00014819","05","18",61.5,"C",0000-05-18,"Chicago"
"USW00014819","05","19",61.8,"C",0000-05-19,"Chicago"
"USW00014819","05","20",62.1,"C",0000-05-20,"Chicago"
"USW00014819","05","21",62.4,"C",0000-05-21,"Chicago"
"USW00014819","05","22",62.7,"C",0000-05-22,"Chicago"
"USW00014819","05","23",63,"C",0000-05-23,"Chicago"
"USW00014819","05","24",63.4,"C",0000-05-24,"Chicago"
"USW00014819","05","25",63.7,"C",0000-05-25,"Chicago"
"USW00014819","05","26",64,"C",0000-05-26,"Chicago"
"USW00014819","05","27",64.4,"C",0000-05-27,"Chicago"
"USW00014819","05","28",64.7,"C",0000-05-28,"Chicago"
"USW00014819","05","29",65,"C",0000-05-29,"Chicago"
"USW00014819","05","30",65.4,"C",0000-05-30,"Chicago"
"USW00014819","05","31",65.7,"C",0000-05-31,"Chicago"
"USW00014819","06","1",66.1,"C",0000-06-01,"Chicago"
"USW00014819","06","2",66.4,"C",0000-06-02,"Chicago"
"USW00014819","06","3",66.8,"C",0000-06-03,"Chicago"
"USW00014819","06","4",67.2,"C",0000-06-04,"Chicago"
"USW00014819","06","5",67.5,"C",0000-06-05,"Chicago"
"USW00014819","06","6",67.9,"C",0000-06-06,"Chicago"
"USW00014819","06","7",68.2,"C",0000-06-07,"Chicago"
"USW00014819","06","8",68.6,"C",0000-06-08,"Chicago"
"USW00014819","06","9",69,"C",0000-06-09,"Chicago"
"USW00014819","06","10",69.3,"C",0000-06-10,"Chicago"
"USW00014819","06","11",69.7,"C",0000-06-11,"Chicago"
"USW00014819","06","12",70,"C",0000-06-12,"Chicago"
"USW00014819","06","13",70.4,"C",0000-06-13,"Chicago"
"USW00014819","06","14",70.7,"C",0000-06-14,"Chicago"
"USW00014819","06","15",71.1,"C",0000-06-15,"Chicago"
"USW00014819","06","16",71.4,"C",0000-06-16,"Chicago"
"USW00014819","06","17",71.7,"C",0000-06-17,"Chicago"
"USW00014819","06","18",72.1,"C",0000-06-18,"Chicago"
"USW00014819","06","19",72.4,"C",0000-06-19,"Chicago"
"USW00014819","06","20",72.7,"C",0000-06-20,"Chicago"
"USW00014819","06","21",73,"C",0000-06-21,"Chicago"
"USW00014819","06","22",73.2,"C",0000-06-22,"Chicago"
"USW00014819","06","23",73.5,"C",0000-06-23,"Chicago"
"USW00014819","06","24",73.8,"C",0000-06-24,"Chicago"
"USW00014819","06","25",74,"C",0000-06-25,"Chicago"
"USW00014819","06","26",74.3,"C",0000-06-26,"Chicago"
"USW00014819","06","27",74.5,"C",0000-06-27,"Chicago"
"USW00014819","06","28",74.7,"C",0000-06-28,"Chicago"
"USW00014819","06","29",74.9,"C",0000-06-29,"Chicago"
"USW00014819","06","30",75.1,"C",0000-06-30,"Chicago"
"USW00014819","07","1",75.2,"C",0000-07-01,"Chicago"
"USW00014819","07","2",75.4,"C",0000-07-02,"Chicago"
"USW00014819","07","3",75.5,"C",0000-07-03,"Chicago"
"USW00014819","07","4",75.6,"C",0000-07-04,"Chicago"
"USW00014819","07","5",75.7,"C",0000-07-05,"Chicago"
"USW00014819","07","6",75.8,"C",0000-07-06,"Chicago"
"USW00014819","07","7",75.9,"C",0000-07-07,"Chicago"
"USW00014819","07","8",76,"C",0000-07-08,"Chicago"
"USW00014819","07","9",76,"C",0000-07-09,"Chicago"
"USW00014819","07","10",76.1,"C",0000-07-10,"Chicago"
"USW00014819","07","11",76.1,"C",0000-07-11,"Chicago"
"USW00014819","07","12",76.1,"C",0000-07-12,"Chicago"
"USW00014819","07","13",76.2,"C",0000-07-13,"Chicago"
"USW00014819","07","14",76.2,"C",0000-07-14,"Chicago"
"USW00014819","07","15",76.2,"C",0000-07-15,"Chicago"
"USW00014819","07","16",76.1,"C",0000-07-16,"Chicago"
"USW00014819","07","17",76.1,"C",0000-07-17,"Chicago"
"USW00014819","07","18",76.1,"C",0000-07-18,"Chicago"
"USW00014819","07","19",76.1,"C",0000-07-19,"Chicago"
"USW00014819","07","20",76,"C",0000-07-20,"Chicago"
"USW00014819","07","21",76,"C",0000-07-21,"Chicago"
"USW00014819","07","22",75.9,"C",0000-07-22,"Chicago"
"USW00014819","07","23",75.9,"C",0000-07-23,"Chicago"
"USW00014819","07","24",75.8,"C",0000-07-24,"Chicago"
"USW00014819","07","25",75.8,"C",0000-07-25,"Chicago"
"USW00014819","07","26",75.7,"C",0000-07-26,"Chicago"
"USW00014819","07","27",75.7,"C",0000-07-27,"Chicago"
"USW00014819","07","28",75.6,"C",0000-07-28,"Chicago"
"USW00014819","07","29",75.5,"C",0000-07-29,"Chicago"
"USW00014819","07","30",75.5,"C",0000-07-30,"Chicago"
"USW00014819","07","31",75.4,"C",0000-07-31,"Chicago"
"USW00014819","08","1",75.4,"C",0000-08-01,"Chicago"
"USW00014819","08","2",75.3,"C",0000-08-02,"Chicago"
"USW00014819","08","3",75.2,"C",0000-08-03,"Chicago"
"USW00014819","08","4",75.2,"C",0000-08-04,"Chicago"
"USW00014819","08","5",75.1,"C",0000-08-05,"Chicago"
"USW00014819","08","6",75.1,"C",0000-08-06,"Chicago"
"USW00014819","08","7",75,"C",0000-08-07,"Chicago"
"USW00014819","08","8",75,"C",0000-08-08,"Chicago"
"USW00014819","08","9",74.9,"C",0000-08-09,"Chicago"
"USW00014819","08","10",74.8,"C",0000-08-10,"Chicago"
"USW00014819","08","11",74.8,"C",0000-08-11,"Chicago"
"USW00014819","08","12",74.7,"C",0000-08-12,"Chicago"
"USW00014819","08","13",74.6,"C",0000-08-13,"Chicago"
"USW00014819","08","14",74.6,"C",0000-08-14,"Chicago"
"USW00014819","08","15",74.5,"C",0000-08-15,"Chicago"
"USW00014819","08","16",74.4,"C",0000-08-16,"Chicago"
"USW00014819","08","17",74.3,"C",0000-08-17,"Chicago"
"USW00014819","08","18",74.2,"C",0000-08-18,"Chicago"
"USW00014819","08","19",74.1,"C",0000-08-19,"Chicago"
"USW00014819","08","20",74,"C",0000-08-20,"Chicago"
"USW00014819","08","21",73.9,"C",0000-08-21,"Chicago"
"USW00014819","08","22",73.7,"C",0000-08-22,"Chicago"
"USW00014819","08","23",73.6,"C",0000-08-23,"Chicago"
"USW00014819","08","24",73.4,"C",0000-08-24,"Chicago"
"USW00014819","08","25",73.3,"C",0000-08-25,"Chicago"
"USW00014819","08","26",73.1,"C",0000-08-26,"Chicago"
"USW00014819","08","27",72.9,"C",0000-08-27,"Chicago"
"USW00014819","08","28",72.7,"C",0000-08-28,"Chicago"
"USW00014819","08","29",72.5,"C",0000-08-29,"Chicago"
"USW00014819","08","30",72.3,"C",0000-08-30,"Chicago"
"USW00014819","08","31",72,"C",0000-08-31,"Chicago"
"USW00014819","09","1",71.8,"C",0000-09-01,"Chicago"
"USW00014819","09","2",71.5,"C",0000-09-02,"Chicago"
"USW00014819","09","3",71.2,"C",0000-09-03,"Chicago"
"USW00014819","09","4",70.9,"C",0000-09-04,"Chicago"
"USW00014819","09","5",70.6,"C",0000-09-05,"Chicago"
"USW00014819","09","6",70.3,"C",0000-09-06,"Chicago"
"USW00014819","09","7",69.9,"C",0000-09-07,"Chicago"
"USW00014819","09","8",69.6,"C",0000-09-08,"Chicago"
"USW00014819","09","9",69.2,"C",0000-09-09,"Chicago"
"USW00014819","09","10",68.8,"C",0000-09-10,"Chicago"
"USW00014819","09","11",68.5,"C",0000-09-11,"Chicago"
"USW00014819","09","12",68.1,"C",0000-09-12,"Chicago"
"USW00014819","09","13",67.7,"C",0000-09-13,"Chicago"
"USW00014819","09","14",67.2,"C",0000-09-14,"Chicago"
"USW00014819","09","15",66.8,"C",0000-09-15,"Chicago"
"USW00014819","09","16",66.4,"C",0000-09-16,"Chicago"
"USW00014819","09","17",66,"C",0000-09-17,"Chicago"
"USW00014819","09","18",65.5,"C",0000-09-18,"Chicago"
"USW00014819","09","19",65.1,"C",0000-09-19,"Chicago"
"USW00014819","09","20",64.7,"C",0000-09-20,"Chicago"
"USW00014819","09","21",64.2,"C",0000-09-21,"Chicago"
"USW00014819","09","22",63.8,"C",0000-09-22,"Chicago"
"USW00014819","09","23",63.3,"C",0000-09-23,"Chicago"
"USW00014819","09","24",62.9,"C",0000-09-24,"Chicago"
"USW00014819","09","25",62.4,"C",0000-09-25,"Chicago"
"USW00014819","09","26",62,"C",0000-09-26,"Chicago"
"USW00014819","09","27",61.6,"C",0000-09-27,"Chicago"
"USW00014819","09","28",61.1,"C",0000-09-28,"Chicago"
"USW00014819","09","29",60.7,"C",0000-09-29,"Chicago"
"USW00014819","09","30",60.3,"C",0000-09-30,"Chicago"
"USW00014819","10","1",59.9,"C",0000-10-01,"Chicago"
"USW00014819","10","2",59.4,"C",0000-10-02,"Chicago"
"USW00014819","10","3",59,"C",0000-10-03,"Chicago"
"USW00014819","10","4",58.6,"C",0000-10-04,"Chicago"
"USW00014819","10","5",58.2,"C",0000-10-05,"Chicago"
"USW00014819","10","6",57.8,"C",0000-10-06,"Chicago"
"USW00014819","10","7",57.5,"C",0000-10-07,"Chicago"
"USW00014819","10","8",57.1,"C",0000-10-08,"Chicago"
"USW00014819","10","9",56.7,"C",0000-10-09,"Chicago"
"USW00014819","10","10",56.3,"C",0000-10-10,"Chicago"
"USW00014819","10","11",56,"C",0000-10-11,"Chicago"
"USW00014819","10","12",55.6,"C",0000-10-12,"Chicago"
"USW00014819","10","13",55.3,"C",0000-10-13,"Chicago"
"USW00014819","10","14",54.9,"C",0000-10-14,"Chicago"
"USW00014819","10","15",54.5,"C",0000-10-15,"Chicago"
"USW00014819","10","16",54.2,"C",0000-10-16,"Chicago"
"USW00014819","10","17",53.9,"C",0000-10-17,"Chicago"
"USW00014819","10","18",53.5,"C",0000-10-18,"Chicago"
"USW00014819","10","19",53.2,"C",0000-10-19,"Chicago"
"USW00014819","10","20",52.8,"C",0000-10-20,"Chicago"
"USW00014819","10","21",52.5,"C",0000-10-21,"Chicago"
"USW00014819","10","22",52.1,"C",0000-10-22,"Chicago"
"USW00014819","10","23",51.8,"C",0000-10-23,"Chicago"
"USW00014819","10","24",51.4,"C",0000-10-24,"Chicago"
"USW00014819","10","25",51.1,"C",0000-10-25,"Chicago"
"USW00014819","10","26",50.7,"C",0000-10-26,"Chicago"
"USW00014819","10","27",50.3,"C",0000-10-27,"Chicago"
"USW00014819","10","28",49.9,"C",0000-10-28,"Chicago"
"USW00014819","10","29",49.6,"C",0000-10-29,"Chicago"
"USW00014819","10","30",49.2,"C",0000-10-30,"Chicago"
"USW00014819","10","31",48.8,"C",0000-10-31,"Chicago"
"USW00014819","11","1",48.4,"C",0000-11-01,"Chicago"
"USW00014819","11","2",48,"C",0000-11-02,"Chicago"
"USW00014819","11","3",47.5,"C",0000-11-03,"Chicago"
"USW00014819","11","4",47.1,"C",0000-11-04,"Chicago"
"USW00014819","11","5",46.7,"C",0000-11-05,"Chicago"
"USW00014819","11","6",46.2,"C",0000-11-06,"Chicago"
"USW00014819","11","7",45.8,"C",0000-11-07,"Chicago"
"USW00014819","11","8",45.3,"C",0000-11-08,"Chicago"
"USW00014819","11","9",44.8,"C",0000-11-09,"Chicago"
"USW00014819","11","10",44.4,"C",0000-11-10,"Chicago"
"USW00014819","11","11",43.9,"C",0000-11-11,"Chicago"
"USW00014819","11","12",43.4,"C",0000-11-12,"Chicago"
"USW00014819","11","13",42.9,"C",0000-11-13,"Chicago"
"USW00014819","11","14",42.4,"C",0000-11-14,"Chicago"
"USW00014819","11","15",41.9,"C",0000-11-15,"Chicago"
"USW00014819","11","16",41.4,"C",0000-11-16,"Chicago"
"USW00014819","11","17",40.9,"C",0000-11-17,"Chicago"
"USW00014819","11","18",40.4,"C",0000-11-18,"Chicago"
"USW00014819","11","19",39.9,"C",0000-11-19,"Chicago"
"USW00014819","11","20",39.4,"C",0000-11-20,"Chicago"
"USW00014819","11","21",38.8,"C",0000-11-21,"Chicago"
"USW00014819","11","22",38.3,"C",0000-11-22,"Chicago"
"USW00014819","11","23",37.8,"C",0000-11-23,"Chicago"
"USW00014819","11","24",37.3,"C",0000-11-24,"Chicago"
"USW00014819","11","25",36.8,"C",0000-11-25,"Chicago"
"USW00014819","11","26",36.3,"C",0000-11-26,"Chicago"
"USW00014819","11","27",35.8,"C",0000-11-27,"Chicago"
"USW00014819","11","28",35.4,"C",0000-11-28,"Chicago"
"USW00014819","11","29",34.9,"C",0000-11-29,"Chicago"
"USW00014819","11","30",34.4,"C",0000-11-30,"Chicago"
"USW00014819","12","1",34,"C",0000-12-01,"Chicago"
"USW00014819","12","2",33.5,"C",0000-12-02,"Chicago"
"USW00014819","12","3",33.1,"C",0000-12-03,"Chicago"
"USW00014819","12","4",32.7,"C",0000-12-04,"Chicago"
"USW00014819","12","5",32.2,"C",0000-12-05,"Chicago"
"USW00014819","12","6",31.8,"C",0000-12-06,"Chicago"
"USW00014819","12","7",31.5,"C",0000-12-07,"Chicago"
"USW00014819","12","8",31.1,"C",0000-12-08,"Chicago"
"USW00014819","12","9",30.7,"C",0000-12-09,"Chicago"
"USW00014819","12","10",30.4,"C",0000-12-10,"Chicago"
"USW00014819","12","11",30,"C",0000-12-11,"Chicago"
"USW00014819","12","12",29.7,"C",0000-12-12,"Chicago"
"USW00014819","12","13",29.4,"C",0000-12-13,"Chicago"
"USW00014819","12","14",29.1,"C",0000-12-14,"Chicago"
"USW00014819","12","15",28.8,"C",0000-12-15,"Chicago"
"USW00014819","12","16",28.5,"C",0000-12-16,"Chicago"
"USW00014819","12","17",28.3,"C",0000-12-17,"Chicago"
"USW00014819","12","18",28,"C",0000-12-18,"Chicago"
"USW00014819","12","19",27.8,"C",0000-12-19,"Chicago"
"USW00014819","12","20",27.6,"C",0000-12-20,"Chicago"
"USW00014819","12","21",27.3,"C",0000-12-21,"Chicago"
"USW00014819","12","22",27.1,"C",0000-12-22,"Chicago"
"USW00014819","12","23",26.9,"C",0000-12-23,"Chicago"
"USW00014819","12","24",26.7,"C",0000-12-24,"Chicago"
"USW00014819","12","25",26.6,"C",0000-12-25,"Chicago"
"USW00014819","12","26",26.4,"C",0000-12-26,"Chicago"
"USW00014819","12","27",26.2,"C",0000-12-27,"Chicago"
"USW00014819","12","28",26.1,"C",0000-12-28,"Chicago"
"USW00014819","12","29",26,"C",0000-12-29,"Chicago"
"USW00014819","12","30",25.8,"C",0000-12-30,"Chicago"
"USW00014819","12","31",25.7,"C",0000-12-31,"Chicago"
"USW00093107","01","1",55.2,"S",0000-01-01,"San Diego"
"USW00093107","01","2",55.3,"S",0000-01-02,"San Diego"
"USW00093107","01","3",55.3,"S",0000-01-03,"San Diego"
"USW00093107","01","4",55.4,"S",0000-01-04,"San Diego"
"USW00093107","01","5",55.4,"S",0000-01-05,"San Diego"
"USW00093107","01","6",55.5,"S",0000-01-06,"San Diego"
"USW00093107","01","7",55.5,"S",0000-01-07,"San Diego"
"USW00093107","01","8",55.6,"S",0000-01-08,"San Diego"
"USW00093107","01","9",55.6,"S",0000-01-09,"San Diego"
"USW00093107","01","10",55.7,"S",0000-01-10,"San Diego"
"USW00093107","01","11",55.7,"S",0000-01-11,"San Diego"
"USW00093107","01","12",55.8,"S",0000-01-12,"San Diego"
"USW00093107","01","13",55.8,"S",0000-01-13,"San Diego"
"USW00093107","01","14",55.9,"S",0000-01-14,"San Diego"
"USW00093107","01","15",55.9,"S",0000-01-15,"San Diego"
"USW00093107","01","16",55.9,"S",0000-01-16,"San Diego"
"USW00093107","01","17",56,"S",0000-01-17,"San Diego"
"USW00093107","01","18",56,"S",0000-01-18,"San Diego"
"USW00093107","01","19",56,"S",0000-01-19,"San Diego"
"USW00093107","01","20",56,"S",0000-01-20,"San Diego"
"USW00093107","01","21",56.1,"S",0000-01-21,"San Diego"
"USW00093107","01","22",56.1,"S",0000-01-22,"San Diego"
"USW00093107","01","23",56.1,"S",0000-01-23,"San Diego"
"USW00093107","01","24",56.1,"S",0000-01-24,"San Diego"
"USW00093107","01","25",56.1,"S",0000-01-25,"San Diego"
"USW00093107","01","26",56.2,"S",0000-01-26,"San Diego"
"USW00093107","01","27",56.2,"S",0000-01-27,"San Diego"
"USW00093107","01","28",56.2,"S",0000-01-28,"San Diego"
"USW00093107","01","29",56.2,"S",0000-01-29,"San Diego"
"USW00093107","01","30",56.2,"S",0000-01-30,"San Diego"
"USW00093107","01","31",56.2,"S",0000-01-31,"San Diego"
"USW00093107","02","1",56.2,"S",0000-02-01,"San Diego"
"USW00093107","02","2",56.2,"S",0000-02-02,"San Diego"
"USW00093107","02","3",56.3,"S",0000-02-03,"San Diego"
"USW00093107","02","4",56.3,"S",0000-02-04,"San Diego"
"USW00093107","02","5",56.3,"S",0000-02-05,"San Diego"
"USW00093107","02","6",56.3,"S",0000-02-06,"San Diego"
"USW00093107","02","7",56.3,"S",0000-02-07,"San Diego"
"USW00093107","02","8",56.3,"S",0000-02-08,"San Diego"
"USW00093107","02","9",56.4,"S",0000-02-09,"San Diego"
"USW00093107","02","10",56.4,"S",0000-02-10,"San Diego"
"USW00093107","02","11",56.4,"S",0000-02-11,"San Diego"
"USW00093107","02","12",56.4,"S",0000-02-12,"San Diego"
"USW00093107","02","13",56.4,"S",0000-02-13,"San Diego"
"USW00093107","02","14",56.5,"S",0000-02-14,"San Diego"
"USW00093107","02","15",56.5,"S",0000-02-15,"San Diego"
"USW00093107","02","16",56.5,"S",0000-02-16,"San Diego"
"USW00093107","02","17",56.5,"S",0000-02-17,"San Diego"
"USW00093107","02","18",56.6,"S",0000-02-18,"San Diego"
"USW00093107","02","19",56.6,"S",0000-02-19,"San Diego"
"USW00093107","02","20",56.6,"S",0000-02-20,"San Diego"
"USW00093107","02","21",56.7,"S",0000-02-21,"San Diego"
"USW00093107","02","22",56.7,"S",0000-02-22,"San Diego"
"USW00093107","02","23",56.7,"S",0000-02-23,"San Diego"
"USW00093107","02","24",56.7,"S",0000-02-24,"San Diego"
"USW00093107","02","25",56.8,"S",0000-02-25,"San Diego"
"USW00093107","02","26",56.8,"S",0000-02-26,"San Diego"
"USW00093107","02","27",56.8,"S",0000-02-27,"San Diego"
"USW00093107","02","28",56.9,"S",0000-02-28,"San Diego"
"USW00093107","02","29",56.9,"S",0000-02-29,"San Diego"
"USW00093107","03","1",56.9,"S",0000-03-01,"San Diego"
"USW00093107","03","2",56.9,"S",0000-03-02,"San Diego"
"USW00093107","03","3",56.9,"S",0000-03-03,"San Diego"
"USW00093107","03","4",57,"S",0000-03-04,"San Diego"
"USW00093107","03","5",57,"S",0000-03-05,"San Diego"
"USW00093107","03","6",57,"S",0000-03-06,"San Diego"
"USW00093107","03","7",57,"S",0000-03-07,"San Diego"
"USW00093107","03","8",57.1,"S",0000-03-08,"San Diego"
"USW00093107","03","9",57.1,"S",0000-03-09,"San Diego"
"USW00093107","03","10",57.1,"S",0000-03-10,"San Diego"
"USW00093107","03","11",57.1,"S",0000-03-11,"San Diego"
"USW00093107","03","12",57.2,"S",0000-03-12,"San Diego"
"USW00093107","03","13",57.2,"S",0000-03-13,"San Diego"
"USW00093107","03","14",57.2,"S",0000-03-14,"San Diego"
"USW00093107","03","15",57.3,"S",0000-03-15,"San Diego"
"USW00093107","03","16",57.3,"S",0000-03-16,"San Diego"
"USW00093107","03","17",57.3,"S",0000-03-17,"San Diego"
"USW00093107","03","18",57.3,"S",0000-03-18,"San Diego"
"USW00093107","03","19",57.4,"S",0000-03-19,"San Diego"
"USW00093107","03","20",57.4,"S",0000-03-20,"San Diego"
"USW00093107","03","21",57.5,"S",0000-03-21,"San Diego"
"USW00093107","03","22",57.5,"S",0000-03-22,"San Diego"
"USW00093107","03","23",57.6,"S",0000-03-23,"San Diego"
"USW00093107","03","24",57.6,"S",0000-03-24,"San Diego"
"USW00093107","03","25",57.7,"S",0000-03-25,"San Diego"
"USW00093107","03","26",57.7,"S",0000-03-26,"San Diego"
"USW00093107","03","27",57.8,"S",0000-03-27,"San Diego"
"USW00093107","03","28",57.8,"S",0000-03-28,"San Diego"
"USW00093107","03","29",57.9,"S",0000-03-29,"San Diego"
"USW00093107","03","30",58,"S",0000-03-30,"San Diego"
"USW00093107","03","31",58.1,"S",0000-03-31,"San Diego"
"USW00093107","04","1",58.1,"S",0000-04-01,"San Diego"
"USW00093107","04","2",58.2,"S",0000-04-02,"San Diego"
"USW00093107","04","3",58.3,"S",0000-04-03,"San Diego"
"USW00093107","04","4",58.4,"S",0000-04-04,"San Diego"
"USW00093107","04","5",58.5,"S",0000-04-05,"San Diego"
"USW00093107","04","6",58.6,"S",0000-04-06,"San Diego"
"USW00093107","04","7",58.7,"S",0000-04-07,"San Diego"
"USW00093107","04","8",58.9,"S",0000-04-08,"San Diego"
"USW00093107","04","9",59,"S",0000-04-09,"San Diego"
"USW00093107","04","10",59.1,"S",0000-04-10,"San Diego"
"USW00093107","04","11",59.2,"S",0000-04-11,"San Diego"
"USW00093107","04","12",59.4,"S",0000-04-12,"San Diego"
"USW00093107","04","13",59.5,"S",0000-04-13,"San Diego"
"USW00093107","04","14",59.6,"S",0000-04-14,"San Diego"
"USW00093107","04","15",59.8,"S",0000-04-15,"San Diego"
"USW00093107","04","16",59.9,"S",0000-04-16,"San Diego"
"USW00093107","04","17",60.1,"S",0000-04-17,"San Diego"
"USW00093107","04","18",60.2,"S",0000-04-18,"San Diego"
"USW00093107","04","19",60.3,"S",0000-04-19,"San Diego"
"USW00093107","04","20",60.5,"S",0000-04-20,"San Diego"
"USW00093107","04","21",60.6,"S",0000-04-21,"San Diego"
"USW00093107","04","22",60.8,"S",0000-04-22,"San Diego"
"USW00093107","04","23",60.9,"S",0000-04-23,"San Diego"
"USW00093107","04","24",61.1,"S",0000-04-24,"San Diego"
"USW00093107","04","25",61.2,"S",0000-04-25,"San Diego"
"USW00093107","04","26",61.3,"S",0000-04-26,"San Diego"
"USW00093107","04","27",61.5,"S",0000-04-27,"San Diego"
"USW00093107","04","28",61.6,"S",0000-04-28,"San Diego"
"USW00093107","04","29",61.7,"S",0000-04-29,"San Diego"
"USW00093107","04","30",61.8,"S",0000-04-30,"San Diego"
"USW00093107","05","1",61.9,"S",0000-05-01,"San Diego"
"USW00093107","05","2",62.1,"S",0000-05-02,"San Diego"
"USW00093107","05","3",62.2,"S",0000-05-03,"San Diego"
"USW00093107","05","4",62.3,"S",0000-05-04,"San Diego"
"USW00093107","05","5",62.4,"S",0000-05-05,"San Diego"
"USW00093107","05","6",62.5,"S",0000-05-06,"San Diego"
"USW00093107","05","7",62.6,"S",0000-05-07,"San Diego"
"USW00093107","05","8",62.7,"S",0000-05-08,"San Diego"
"USW00093107","05","9",62.7,"S",0000-05-09,"San Diego"
"USW00093107","05","10",62.8,"S",0000-05-10,"San Diego"
"USW00093107","05","11",62.9,"S",0000-05-11,"San Diego"
"USW00093107","05","12",63,"S",0000-05-12,"San Diego"
"USW00093107","05","13",63,"S",0000-05-13,"San Diego"
"USW00093107","05","14",63.1,"S",0000-05-14,"San Diego"
"USW00093107","05","15",63.2,"S",0000-05-15,"San Diego"
"USW00093107","05","16",63.2,"S",0000-05-16,"San Diego"
"USW00093107","05","17",63.3,"S",0000-05-17,"San Diego"
"USW00093107","05","18",63.4,"S",0000-05-18,"San Diego"
"USW00093107","05","19",63.4,"S",0000-05-19,"San Diego"
"USW00093107","05","20",63.5,"S",0000-05-20,"San Diego"
"USW00093107","05","21",63.6,"S",0000-05-21,"San Diego"
"USW00093107","05","22",63.6,"S",0000-05-22,"San Diego"
"USW00093107","05","23",63.7,"S",0000-05-23,"San Diego"
"USW00093107","05","24",63.8,"S",0000-05-24,"San Diego"
"USW00093107","05","25",63.8,"S",0000-05-25,"San Diego"
"USW00093107","05","26",63.9,"S",0000-05-26,"San Diego"
"USW00093107","05","27",64,"S",0000-05-27,"San Diego"
"USW00093107","05","28",64,"S",0000-05-28,"San Diego"
"USW00093107","05","29",64.1,"S",0000-05-29,"San Diego"
"USW00093107","05","30",64.2,"S",0000-05-30,"San Diego"
"USW00093107","05","31",64.3,"S",0000-05-31,"San Diego"
"USW00093107","06","1",64.4,"S",0000-06-01,"San Diego"
"USW00093107","06","2",64.5,"S",0000-06-02,"San Diego"
"USW00093107","06","3",64.6,"S",0000-06-03,"San Diego"
"USW00093107","06","4",64.7,"S",0000-06-04,"San Diego"
"USW00093107","06","5",64.8,"S",0000-06-05,"San Diego"
"USW00093107","06","6",65,"S",0000-06-06,"San Diego"
"USW00093107","06","7",65.1,"S",0000-06-07,"San Diego"
"USW00093107","06","8",65.2,"S",0000-06-08,"San Diego"
"USW00093107","06","9",65.4,"S",0000-06-09,"San Diego"
"USW00093107","06","10",65.5,"S",0000-06-10,"San Diego"
"USW00093107","06","11",65.7,"S",0000-06-11,"San Diego"
"USW00093107","06","12",65.8,"S",0000-06-12,"San Diego"
"USW00093107","06","13",66,"S",0000-06-13,"San Diego"
"USW00093107","06","14",66.2,"S",0000-06-14,"San Diego"
"USW00093107","06","15",66.3,"S",0000-06-15,"San Diego"
"USW00093107","06","16",66.5,"S",0000-06-16,"San Diego"
"USW00093107","06","17",66.7,"S",0000-06-17,"San Diego"
"USW00093107","06","18",66.9,"S",0000-06-18,"San Diego"
"USW00093107","06","19",67.1,"S",0000-06-19,"San Diego"
"USW00093107","06","20",67.2,"S",0000-06-20,"San Diego"
"USW00093107","06","21",67.4,"S",0000-06-21,"San Diego"
"USW00093107","06","22",67.6,"S",0000-06-22,"San Diego"
"USW00093107","06","23",67.8,"S",0000-06-23,"San Diego"
"USW00093107","06","24",68,"S",0000-06-24,"San Diego"
"USW00093107","06","25",68.2,"S",0000-06-25,"San Diego"
"USW00093107","06","26",68.4,"S",0000-06-26,"San Diego"
"USW00093107","06","27",68.6,"S",0000-06-27,"San Diego"
"USW00093107","06","28",68.7,"S",0000-06-28,"San Diego"
"USW00093107","06","29",68.9,"S",0000-06-29,"San Diego"
"USW00093107","06","30",69.1,"S",0000-06-30,"San Diego"
"USW00093107","07","1",69.3,"S",0000-07-01,"San Diego"
"USW00093107","07","2",69.4,"S",0000-07-02,"San Diego"
"USW00093107","07","3",69.6,"S",0000-07-03,"San Diego"
"USW00093107","07","4",69.8,"S",0000-07-04,"San Diego"
"USW00093107","07","5",69.9,"S",0000-07-05,"San Diego"
"USW00093107","07","6",70.1,"S",0000-07-06,"San Diego"
"USW00093107","07","7",70.2,"S",0000-07-07,"San Diego"
"USW00093107","07","8",70.3,"S",0000-07-08,"San Diego"
"USW00093107","07","9",70.5,"S",0000-07-09,"San Diego"
"USW00093107","07","10",70.6,"S",0000-07-10,"San Diego"
"USW00093107","07","11",70.7,"S",0000-07-11,"San Diego"
"USW00093107","07","12",70.8,"S",0000-07-12,"San Diego"
"USW00093107","07","13",70.9,"S",0000-07-13,"San Diego"
"USW00093107","07","14",71.1,"S",0000-07-14,"San Diego"
"USW00093107","07","15",71.2,"S",0000-07-15,"San Diego"
"USW00093107","07","16",71.2,"S",0000-07-16,"San Diego"
"USW00093107","07","17",71.3,"S",0000-07-17,"San Diego"
"USW00093107","07","18",71.4,"S",0000-07-18,"San Diego"
"USW00093107","07","19",71.5,"S",0000-07-19,"San Diego"
"USW00093107","07","20",71.6,"S",0000-07-20,"San Diego"
"USW00093107","07","21",71.6,"S",0000-07-21,"San Diego"
"USW00093107","07","22",71.7,"S",0000-07-22,"San Diego"
"USW00093107","07","23",71.8,"S",0000-07-23,"San Diego"
"USW00093107","07","24",71.8,"S",0000-07-24,"San Diego"
"USW00093107","07","25",71.9,"S",0000-07-25,"San Diego"
"USW00093107","07","26",71.9,"S",0000-07-26,"San Diego"
"USW00093107","07","27",72,"S",0000-07-27,"San Diego"
"USW00093107","07","28",72,"S",0000-07-28,"San Diego"
"USW00093107","07","29",72.1,"S",0000-07-29,"San Diego"
"USW00093107","07","30",72.1,"S",0000-07-30,"San Diego"
"USW00093107","07","31",72.2,"S",0000-07-31,"San Diego"
"USW00093107","08","1",72.2,"S",0000-08-01,"San Diego"
"USW00093107","08","2",72.2,"S",0000-08-02,"San Diego"
"USW00093107","08","3",72.3,"S",0000-08-03,"San Diego"
"USW00093107","08","4",72.3,"S",0000-08-04,"San Diego"
"USW00093107","08","5",72.4,"S",0000-08-05,"San Diego"
"USW00093107","08","6",72.4,"S",0000-08-06,"San Diego"
"USW00093107","08","7",72.4,"S",0000-08-07,"San Diego"
"USW00093107","08","8",72.5,"S",0000-08-08,"San Diego"
"USW00093107","08","9",72.5,"S",0000-08-09,"San Diego"
"USW00093107","08","10",72.5,"S",0000-08-10,"San Diego"
"USW00093107","08","11",72.6,"S",0000-08-11,"San Diego"
"USW00093107","08","12",72.6,"S",0000-08-12,"San Diego"
"USW00093107","08","13",72.6,"S",0000-08-13,"San Diego"
"USW00093107","08","14",72.7,"S",0000-08-14,"San Diego"
"USW00093107","08","15",72.7,"S",0000-08-15,"San Diego"
"USW00093107","08","16",72.7,"S",0000-08-16,"San Diego"
"USW00093107","08","17",72.7,"S",0000-08-17,"San Diego"
"USW00093107","08","18",72.8,"S",0000-08-18,"San Diego"
"USW00093107","08","19",72.8,"S",0000-08-19,"San Diego"
"USW00093107","08","20",72.8,"S",0000-08-20,"San Diego"
"USW00093107","08","21",72.8,"S",0000-08-21,"San Diego"
"USW00093107","08","22",72.8,"S",0000-08-22,"San Diego"
"USW00093107","08","23",72.8,"S",0000-08-23,"San Diego"
"USW00093107","08","24",72.8,"S",0000-08-24,"San Diego"
"USW00093107","08","25",72.8,"S",0000-08-25,"San Diego"
"USW00093107","08","26",72.7,"S",0000-08-26,"San Diego"
"USW00093107","08","27",72.7,"S",0000-08-27,"San Diego"
"USW00093107","08","28",72.7,"S",0000-08-28,"San Diego"
"USW00093107","08","29",72.7,"S",0000-08-29,"San Diego"
"USW00093107","08","30",72.6,"S",0000-08-30,"San Diego"
"USW00093107","08","31",72.6,"S",0000-08-31,"San Diego"
"USW00093107","09","1",72.5,"S",0000-09-01,"San Diego"
"USW00093107","09","2",72.4,"S",0000-09-02,"San Diego"
"USW00093107","09","3",72.4,"S",0000-09-03,"San Diego"
"USW00093107","09","4",72.3,"S",0000-09-04,"San Diego"
"USW00093107","09","5",72.2,"S",0000-09-05,"San Diego"
"USW00093107","09","6",72.1,"S",0000-09-06,"San Diego"
"USW00093107","09","7",72,"S",0000-09-07,"San Diego"
"USW00093107","09","8",71.9,"S",0000-09-08,"San Diego"
"USW00093107","09","9",71.8,"S",0000-09-09,"San Diego"
"USW00093107","09","10",71.7,"S",0000-09-10,"San Diego"
"USW00093107","09","11",71.6,"S",0000-09-11,"San Diego"
"USW00093107","09","12",71.4,"S",0000-09-12,"San Diego"
"USW00093107","09","13",71.3,"S",0000-09-13,"San Diego"
"USW00093107","09","14",71.1,"S",0000-09-14,"San Diego"
"USW00093107","09","15",71,"S",0000-09-15,"San Diego"
"USW00093107","09","16",70.8,"S",0000-09-16,"San Diego"
"USW00093107","09","17",70.7,"S",0000-09-17,"San Diego"
"USW00093107","09","18",70.5,"S",0000-09-18,"San Diego"
"USW00093107","09","19",70.3,"S",0000-09-19,"San Diego"
"USW00093107","09","20",70.2,"S",0000-09-20,"San Diego"
"USW00093107","09","21",70,"S",0000-09-21,"San Diego"
"USW00093107","09","22",69.8,"S",0000-09-22,"San Diego"
"USW00093107","09","23",69.7,"S",0000-09-23,"San Diego"
"USW00093107","09","24",69.5,"S",0000-09-24,"San Diego"
"USW00093107","09","25",69.3,"S",0000-09-25,"San Diego"
"USW00093107","09","26",69.1,"S",0000-09-26,"San Diego"
"USW00093107","09","27",69,"S",0000-09-27,"San Diego"
"USW00093107","09","28",68.8,"S",0000-09-28,"San Diego"
"USW00093107","09","29",68.6,"S",0000-09-29,"San Diego"
"USW00093107","09","30",68.4,"S",0000-09-30,"San Diego"
"USW00093107","10","1",68.3,"S",0000-10-01,"San Diego"
"USW00093107","10","2",68.1,"S",0000-10-02,"San Diego"
"USW00093107","10","3",67.9,"S",0000-10-03,"San Diego"
"USW00093107","10","4",67.8,"S",0000-10-04,"San Diego"
"USW00093107","10","5",67.6,"S",0000-10-05,"San Diego"
"USW00093107","10","6",67.4,"S",0000-10-06,"San Diego"
"USW00093107","10","7",67.3,"S",0000-10-07,"San Diego"
"USW00093107","10","8",67.1,"S",0000-10-08,"San Diego"
"USW00093107","10","9",67,"S",0000-10-09,"San Diego"
"USW00093107","10","10",66.8,"S",0000-10-10,"San Diego"
"USW00093107","10","11",66.7,"S",0000-10-11,"San Diego"
"USW00093107","10","12",66.5,"S",0000-10-12,"San Diego"
"USW00093107","10","13",66.4,"S",0000-10-13,"San Diego"
"USW00093107","10","14",66.2,"S",0000-10-14,"San Diego"
"USW00093107","10","15",66.1,"S",0000-10-15,"San Diego"
"USW00093107","10","16",65.9,"S",0000-10-16,"San Diego"
"USW00093107","10","17",65.8,"S",0000-10-17,"San Diego"
"USW00093107","10","18",65.6,"S",0000-10-18,"San Diego"
"USW00093107","10","19",65.5,"S",0000-10-19,"San Diego"
"USW00093107","10","20",65.3,"S",0000-10-20,"San Diego"
"USW00093107","10","21",65.2,"S",0000-10-21,"San Diego"
"USW00093107","10","22",65,"S",0000-10-22,"San Diego"
"USW00093107","10","23",64.9,"S",0000-10-23,"San Diego"
"USW00093107","10","24",64.7,"S",0000-10-24,"San Diego"
"USW00093107","10","25",64.5,"S",0000-10-25,"San Diego"
"USW00093107","10","26",64.4,"S",0000-10-26,"San Diego"
"USW00093107","10","27",64.2,"S",0000-10-27,"San Diego"
"USW00093107","10","28",64,"S",0000-10-28,"San Diego"
"USW00093107","10","29",63.9,"S",0000-10-29,"San Diego"
"USW00093107","10","30",63.7,"S",0000-10-30,"San Diego"
"USW00093107","10","31",63.5,"S",0000-10-31,"San Diego"
"USW00093107","11","1",63.3,"S",0000-11-01,"San Diego"
"USW00093107","11","2",63.1,"S",0000-11-02,"San Diego"
"USW00093107","11","3",62.9,"S",0000-11-03,"San Diego"
"USW00093107","11","4",62.7,"S",0000-11-04,"San Diego"
"USW00093107","11","5",62.5,"S",0000-11-05,"San Diego"
"USW00093107","11","6",62.3,"S",0000-11-06,"San Diego"
"USW00093107","11","7",62,"S",0000-11-07,"San Diego"
"USW00093107","11","8",61.8,"S",0000-11-08,"San Diego"
"USW00093107","11","9",61.6,"S",0000-11-09,"San Diego"
"USW00093107","11","10",61.4,"S",0000-11-10,"San Diego"
"USW00093107","11","11",61.1,"S",0000-11-11,"San Diego"
"USW00093107","11","12",60.9,"S",0000-11-12,"San Diego"
"USW00093107","11","13",60.6,"S",0000-11-13,"San Diego"
"USW00093107","11","14",60.4,"S",0000-11-14,"San Diego"
"USW00093107","11","15",60.1,"S",0000-11-15,"San Diego"
"USW00093107","11","16",59.9,"S",0000-11-16,"San Diego"
"USW00093107","11","17",59.6,"S",0000-11-17,"San Diego"
"USW00093107","11","18",59.4,"S",0000-11-18,"San Diego"
"USW00093107","11","19",59.2,"S",0000-11-19,"San Diego"
"USW00093107","11","20",58.9,"S",0000-11-20,"San Diego"
"USW00093107","11","21",58.7,"S",0000-11-21,"San Diego"
"USW00093107","11","22",58.4,"S",0000-11-22,"San Diego"
"USW00093107","11","23",58.2,"S",0000-11-23,"San Diego"
"USW00093107","11","24",57.9,"S",0000-11-24,"San Diego"
"USW00093107","11","25",57.7,"S",0000-11-25,"San Diego"
"USW00093107","11","26",57.5,"S",0000-11-26,"San Diego"
"USW00093107","11","27",57.3,"S",0000-11-27,"San Diego"
"USW00093107","11","28",57.1,"S",0000-11-28,"San Diego"
"USW00093107","11","29",56.9,"S",0000-11-29,"San Diego"
"USW00093107","11","30",56.7,"S",0000-11-30,"San Diego"
"USW00093107","12","1",56.5,"S",0000-12-01,"San Diego"
"USW00093107","12","2",56.3,"S",0000-12-02,"San Diego"
"USW00093107","12","3",56.1,"S",0000-12-03,"San Diego"
"USW00093107","12","4",56,"S",0000-12-04,"San Diego"
"USW00093107","12","5",55.8,"S",0000-12-05,"San Diego"
"USW00093107","12","6",55.7,"S",0000-12-06,"San Diego"
"USW00093107","12","7",55.5,"S",0000-12-07,"San Diego"
"USW00093107","12","8",55.4,"S",0000-12-08,"San Diego"
"USW00093107","12","9",55.3,"S",0000-12-09,"San Diego"
"USW00093107","12","10",55.2,"S",0000-12-10,"San Diego"
"USW00093107","12","11",55.1,"S",0000-12-11,"San Diego"
"USW00093107","12","12",55,"S",0000-12-12,"San Diego"
"USW00093107","12","13",55,"S",0000-12-13,"San Diego"
"USW00093107","12","14",54.9,"S",0000-12-14,"San Diego"
"USW00093107","12","15",54.9,"S",0000-12-15,"San Diego"
"USW00093107","12","16",54.8,"S",0000-12-16,"San Diego"
"USW00093107","12","17",54.8,"S",0000-12-17,"San Diego"
"USW00093107","12","18",54.8,"S",0000-12-18,"San Diego"
"USW00093107","12","19",54.8,"S",0000-12-19,"San Diego"
"USW00093107","12","20",54.8,"S",0000-12-20,"San Diego"
"USW00093107","12","21",54.8,"S",0000-12-21,"San Diego"
"USW00093107","12","22",54.8,"S",0000-12-22,"San Diego"
"USW00093107","12","23",54.8,"S",0000-12-23,"San Diego"
"USW00093107","12","24",54.9,"S",0000-12-24,"San Diego"
"USW00093107","12","25",54.9,"S",0000-12-25,"San Diego"
"USW00093107","12","26",54.9,"S",0000-12-26,"San Diego"
"USW00093107","12","27",55,"S",0000-12-27,"San Diego"
"USW00093107","12","28",55,"S",0000-12-28,"San Diego"
"USW00093107","12","29",55.1,"S",0000-12-29,"San Diego"
"USW00093107","12","30",55.1,"S",0000-12-30,"San Diego"
"USW00093107","12","31",55.2,"S",0000-12-31,"San Diego"
