id_player,Born,City,Cntry,Nat,Ht,Wt,Last_Name,First_Name,Position,Team,GP,G,A,TOI,TOI_GP
1,30.04.1988,Hamilton,CAN,CAN,69,170,Abbott,Spencer,LW,CHI,1,0,0,514,8.57
2,25.02.1987,Muskegon,USA,USA,74,218,Abdelkader,Justin,LW/RW,DET,64,7,14,63969,16.65
3,23.09.1993,Stockholm,SWE,SWE,71,196,Aberg,Pontus,LW,NSH,15,1,1,11102,12.33
4,01.12.1991,Johnston,USA,USA,70,208,Acciari,Noel,C,BOS,29,2,3,18047,10.23
5,30.04.1992,Morristown,USA,USA,72,202,Agostino,Kenny,LW,STL,7,1,2,5366,12.78
6,26.07.1997,Rauma,FIN,FIN,71,172,Aho,Sebastian,RW/LW,CAR,82,24,25,82591,16.78
7,24.09.1988,Burnaby,CAN,CAN,75,219,Alzner,Karl,D,WSH,82,3,10,97371,19.8
8,07.05.1994,Burlington,CAN,CAN,75,221,Anderson,Josh,RW,CBJ,78,17,12,56253,12.02
9,27.10.1996,Malmö,SWE,SWE,73,214,Andersson,Rasmus,D,CGY,1,0,0,1113,18.55
10,17.05.1991,Pickering,CAN,CAN,73,210,Andreoff,Andy,LW/C,L.A,36,0,2,22888,10.6
11,21.03.1993,Zurich,CHE,CHE,70,188,Andrighetto,Sven,RW,COL/MTL,46,7,17,38550,13.97
12,24.05.1988,Yaroslavl,RUS,RUS,76,198,Anisimov,Artem,C/LW,CHI,64,22,23,68529,17.85
13,06.10.1992,Regina,CAN,CAN,70,176,Archibald,Josh,RW,PIT,10,3,0,6519,10.87
14,31.05.1993,Pori,FIN,FIN,75,205,Armia,Joel,RW,WPG,57,10,9,51769,15.13
15,08.04.1993,Skellefteå,SWE,SWE,69,180,Arvidsson,Viktor,LW/RW,NSH,80,31,30,82343,17.15
16,06.08.1994,London,CAN,CAN,74,188,Athanasiou,Andreas,C,DET,64,18,11,51703,13.47
17,05.06.1989,Riverside,USA,USA,68,182,Atkinson,Cam,RW,CBJ,82,35,27,88972,18.08
18,16.06.1993,Bobcaygeon,CAN,CAN,76,230,Austin,Brady,D,BUF,5,0,0,4827,16.08
19,27.07.1989,Ivry-sur-Seine,FRA,FRA,71,191,Auvitu,Yohann,D/LW,N.J,25,2,2,23405,15.6
20,01.05.1984,Minneapolis,USA,USA,75,221,Backes,David,RW/C,BOS,74,17,21,76007,17.05
21,17.03.1989,Vasteras,SWE,SWE,73,199,Backlund,Mikael,C,CGY,81,22,31,85565,17.6
22,23.11.1987,Gävle,SWE,SWE,73,213,Backstrom,Nicklas,C,WSH,82,23,63,89839,18.27
23,05.10.1992,Bern,CHE,CHE,71,192,Baertschi,Sven,LW,VAN,68,18,17,64773,15.88
24,27.10.1991,Anchorage,USA,USA,75,195,Bailey,Casey,RW/C,OTT,7,0,0,3358,8
25,02.10.1989,Bowmanville,CAN,CAN,73,210,Bailey,Josh,RW/LW/C,NYI,82,13,43,90388,18.37
26,01.07.1995,Buffalo,USA,USA,75,214,Bailey,Justin,RW,BUF,32,2,2,20414,10.63
27,04.08.1995,Ottawa,CAN,CAN,73,206,Baptiste,Nicholas,RW,BUF,14,3,1,7761,9.23
28,14.12.1995,Moscow,RUS,RUS,72,180,Barbashev,Ivan,C,STL,30,5,7,21224,11.78
29,07.02.1994,Pittsburgh,USA,USA,72,193,Barber,Riley,RW,WSH,3,0,0,1544,8.58
30,23.03.1990,Montreal,CAN,CAN,73,207,Barberio,Mark,D,COL/MTL,60,2,11,65740,18.27
31,02.09.1995,Tampere,FIN,FIN,75,213,Barkov,Aleksander,C,FLA,61,21,31,71010,19.4
32,26.07.1991,Victoria,CAN,CAN,70,190,Barrie,Tyson,D,COL,74,7,31,103486,23.3
33,04.06.1988,Pittsburgh,USA,USA,73,196,Bartkowski,Matt,D,CGY,24,1,1,22158,15.38
34,26.05.1997,Coquitlam,CAN,CAN,72,182,Barzal,Mathew,C,NYI,2,0,0,1170,9.75
35,07.01.1987,Owen sound,CAN,CAN,72,205,Bass,Cody,C,NSH,9,0,0,3654,6.77
36,16.10.1985,Calgary,CAN,CAN,75,215,Beagle,Jay,C/RW,WSH,81,13,17,66251,13.63
37,04.06.1980,Sorel,CAN,CAN,73,208,Beauchemin,Francois,D,COL,81,5,13,104566,21.52
38,05.12.1992,Strathroy,CAN,CAN,74,205,Beaulieu,Nathan,D,MTL,74,4,24,86490,19.48
39,08.06.1997,Sorel-Tracy,CAN,CAN,71,170,Beauvillier,Anthony,C/LW,NYI,66,9,15,51563,13.02
40,13.05.1991,St. Catharines,CAN,CAN,74,203,Beck,Taylor,LW,EDM/NYR,5,0,0,2643,8.82
41,07.06.1988,Windsor,CAN,CAN,72,203,Beleskey,Matt,LW,BOS,49,3,5,39001,13.17
42,06.03.1985,Le Blanc-Mesnil,FRA,FRA,72,198,Bellemare,Pierre-Edouard,LW/C,PHI,82,4,4,63814,12.97
43,18.07.1989,Victoria,CAN,CAN,74,210,Benn,Jamie,LW,DAL,77,26,43,89507,19.37
44,26.07.1987,Victoria,CAN,CAN,74,200,Benn,Jordie,D,DAL/MTL,71,4,13,77900,18.28
45,27.11.1991,Gardena,USA,USA,74,195,Bennett,Beau,RW/LW,N.J,65,8,11,52876,13.72
46,20.06.1996,Holland Landing,CAN,CAN,73,186,Bennett,Sam,C,CGY,81,13,13,72839,14.98
47,25.05.1994,Edmonton,CAN,CAN,73,195,Benning,Matthew,D,EDM,62,3,12,61791,16.62
48,24.07.1985,Ancienne-Lorette,CAN,CAN,73,195,Bergeron,Patrice,C,BOS,79,21,32,92065,19.33
49,02.06.1988,Västerås,SWE,SWE,76,223,Berglund,Patrik,C/LW,STL,82,23,11,78668,15.98
50,05.04.1994,Fribourg,CHE,CHE,70,186,Bertschy,Christoph,C,MIN,5,0,1,2440,8.13
51,24.02.1995,Sudbury,CAN,CAN,72,198,Bertuzzi,Tyler,LW,DET,7,0,0,3825,9.1
52,09.03.1986,Bowmanville,CAN,CAN,76,223,Bickell,Bryan,LW,CAR,11,1,0,6891,10.43
53,04.04.1988,Montreal,CAN,CAN,70,193,Biega,Alex,D,VAN,36,0,3,28444,13.17
54,16.06.1981,Grimsby,CAN,CAN,73,200,Bieksa,Kevin,D,ANA,81,3,11,91130,18.75
55,15.07.1990,Island Park,USA,USA,73,210,Bitetto,Anthony,D,NSH,29,0,7,20538,11.8
56,10.04.1995,Herning,DNK,DNK,72,175,Bjorkstrand,Oliver,RW,CBJ,26,6,7,21980,14.08
57,17.07.1992,Minneapolis,USA,USA,78,218,Bjugstad,Nick,C,FLA,54,7,7,42615,13.15
58,18.07.1994,Markham,CAN,CAN,72,200,Blandisi,Joseph,LW/C,N.J,27,3,6,21643,13.37
59,14.03.1995,Molnlycke,SWE,SWE,72,201,Blidh,Anton,LW,BOS,19,1,1,10006,8.78
60,15.12.1986,Toronto,CAN,CAN,76,217,Blunden,Mike,RW,OTT,2,0,0,974,8.12
61,16.12.1989,Brondby,DNK,DNK,72,210,Boedker,Mikkel,LW/RW,S.J,81,10,16,69738,14.27
62,25.02.1997,Burnsville,USA,USA,73,191,Boeser,Brock,RW,VAN,9,4,1,8755,16.22
63,15.07.1990,Massena,USA,USA,75,228,Bogosian,Zach,D,BUF,56,2,9,67493,20.08
64,13.05.1986,Charlotte,USA,USA,75,209,Boll,Jared,RW,ANA,51,0,3,17793,5.82
65,20.04.1988,Hartford,USA,USA,73,196,Bonino,Nick,C,PIT,80,18,19,79931,16.65
66,12.07.1989,Ottawa,CAN,CAN,73,216,Borowiecki,Mark,D,OTT,70,1,2,58845,14.02
67,18.03.1989,Thunder Bay,CAN,CAN,76,221,Bortuzzo,Robert,D,STL,38,1,3,32118,14.08
68,08.09.1993,Lansing,USA,USA,70,195,Boucher,Reid,C/LW,N.J/NSH/VAN,39,6,4,27909,11.73
69,25.03.1990,Provost,CAN,CAN,74,208,Bouma,Lance,C/LW/RW,CGY,61,3,4,41528,11.35
70,31.05.1992,Shawinigan,CAN,CAN,71,198,Bournival,Michael,LW,T.B,19,2,1,11568,10.15
71,23.09.1990,Rimouski,CAN,CAN,70,206,Bourque,Gabriel,LW/RW,COL,6,0,0,4032,11.2
72,10.12.1981,Lac La Biche,CAN,CAN,74,217,Bourque,Rene,RW/LW,COL,65,12,6,54382,13.95
73,27.09.1983,Edmonton,CAN,CAN,76,221,Bouwmeester,Jay,D,STL,81,1,14,108889,22.4
74,19.01.1984,Edmonton,CAN,CAN,74,227,Boychuk,Johnny,D,NYI,66,6,17,82095,20.73
75,18.12.1984,Hingham,USA,USA,78,244,Boyle,Brian,C/LW,T.B/TOR,75,13,12,58649,13
76,19.03.1986,Regina,CAN,CAN,73,195,Bozak,Tyler,C,TOR,78,18,37,76890,16.45
77,22.09.1987,Hull,CAN,CAN,73,204,Brassard,Derick,C,OTT,81,14,25,84461,17.38
78,10.02.1987,Minneapolis,USA,USA,74,205,Braun,Justin,D,S.J,81,4,9,97589,19.98
79,07.06.1990,Chatham,CAN,CAN,73,182,Brodie,T.J.,D,CGY,82,6,30,116019,23.58
80,12.07.1993,Karlstad,SWE,SWE,73,193,Brodin,Jonas,D,MIN,68,3,22,79838,19.55
81,25.05.1984,St. Paul,CAN,CAN,74,212,Brodziak,Kyle,C,STL,69,8,7,46394,11.2
82,19.06.1993,Ham Lake,USA,USA,73,218,Brodzinski,Jonny,C,L.A,6,0,2,4423,12.28
83,17.08.1985,Vancouver,CAN,CAN,75,215,Brouwer,Troy,RW,CGY,74,13,12,72029,16.22
84,14.01.1994,Toronto,CAN,CAN,72,185,Brown,Connor,RW,TOR,82,20,16,79733,16.1
85,04.11.1984,Ithaca,USA,USA,72,216,Brown,Dustin,RW/LW,L.A,80,14,22,76801,16
86,02.07.1990,Burnsville,USA,USA,70,169,Brown,J.T.,RW,T.B,64,3,3,39824,10.37
87,29.05.1992,Bloomfield Hills,USA,USA,73,210,Brown,Patrick,C,CAR,14,0,0,8160,9.72
88,17.04.1995,Cherepovets,RUS,RUS,74,193,Buchnevich,Pavel,RW/LW,NYR,41,8,12,32616,13.25
89,09.02.1995,Klagenfurt,AUT,SWE,75,205,Burakovsky,Andre,LW/C,WSH,64,12,23,50931,13.27
90,11.12.1988,Abington,USA,USA,73,207,Burgdoerfer,Erik,D,BUF,2,0,0,1340,11.17
91,21.10.1991,Kazan,RUS,RUS,73,180,Burmistrov,Alex,C/RW,ARI/WPG,49,5,11,39266,13.35
92,09.03.1985,Barrie,CAN,CAN,77,230,Burns,Brent,D/RW,S.J,82,29,47,122324,24.93
93,11.04.1981,Pincourt,CAN,CAN,73,197,Burrows,Alex,LW/RW,OTT/VAN,75,15,16,65910,14.63
94,27.10.1986,St. Louis,USA,USA,73,196,Butler,Chris,D,STL,1,0,0,1288,21.47
95,27.03.1985,Roseau,USA,USA,77,260,Byfuglien,Dustin,D/RW,WPG,80,13,39,131734,27.45
96,27.04.1989,Ottawa,CAN,CAN,69,160,Byron,Paul,LW/C/RW,MTL,81,22,21,73228,15.07
97,20.06.1994,Pickering,CAN,CAN,70,185,Caggiula,Drake,LW/C,EDM,60,7,11,47647,13.23
98,17.08.1991,Whittier,USA,USA,72,190,Callahan,Mitch,RW,DET,4,0,0,1635,6.82
99,21.03.1985,Rochester,USA,USA,70,187,Callahan,Ryan,RW,T.B,18,2,2,15274,14.15
100,24.12.1989,Brandon,CAN,CAN,71,188,Calvert,Matt,LW,CBJ,65,10,5,52054,13.35
101,08.06.1982,Toronto,CAN,CAN,69,185,Cammalleri,Mike,LW/C,N.J,61,10,21,63519,17.35
102,23.05.1979,Strathroy,CAN,CAN,70,192,Campbell,Brian,D,CHI,80,5,12,88462,18.43
103,09.08.1986,Bayport,USA,USA,71,197,Cannone,Patrick,C,MIN,3,0,0,1419,7.88
104,24.09.1988,Boston,USA,USA,73,198,Carey,Paul,C,WSH,6,0,0,3773,10.48
105,25.09.1984,Anchorage,USA,USA,72,197,Carle,Matt,D,NSH,6,0,1,4732,13.15
106,26.11.1996,Colorado Springs,USA,USA,77,203,Carlo,Brandon,D,BOS,82,6,10,102414,20.72
107,10.01.1990,Natick,USA,USA,75,215,Carlson,John,D,WSH,72,9,28,98106,22.7
108,02.01.1997,Orebro,SWE,SWE,76,191,Carlsson,Gabriel,D,CBJ,2,0,1,2055,17.13
109,18.01.1991,Oviedo,USA,USA,72,195,Carpenter,Ryan,C,S.J,11,2,2,6853,10.38
110,01.11.1991,Sherwood Park,CAN,CAN,72,188,Carr,Daniel,LW,MTL,33,2,7,20306,10.25
111,13.04.1994,Orland Park,USA,USA,71,195,Carrick,Connor,D,TOR,67,2,6,65671,16.35
112,08.10.1996,Quebec City,CAN,CAN,71,174,Carrier,Alex,D,NSH,2,0,0,1247,10.4
113,20.12.1994,LaSalle,CAN,CAN,74,212,Carrier,William,LW,BUF,41,5,3,22142,9
114,01.01.1985,London,CAN,CAN,75,217,Carter,Jeff,C/RW,L.A,82,32,34,88717,18.03
115,21.12.1993,Ottawa,CAN,CAN,74,207,Ceci,Cody,D,OTT,79,2,15,109992,23.2
116,02.08.1995,Zilina,SVK,SVK,74,202,Cehlarik,Peter,LW/RW,BOS,11,0,2,9183,13.92
117,30.01.1997,Sainte-Marie,CAN,CAN,74,190,Chabot,Thomas,D,OTT,1,0,0,429,7.15
118,09.04.1992,Ile Bizard,CAN,CAN,74,204,Chaput,Michael,C,VAN,68,4,5,44970,11.02
119,18.03.1977,Trencin,SVK,SVK,81,250,Chara,Zdeno,D,BOS,75,9,19,104997,23.22
120,09.05.1991,Hamilton,CAN,CAN,75,219,Chiarot,Ben,D,WPG,59,2,10,54237,15.32
121,01.10.1990,Montreal,CAN,CAN,76,208,Chiasson,Alex,RW,CGY,81,12,12,65069,13.38
122,02.05.1979,Edmonton,CAN,CAN,75,216,Chimera,Jason,LW/RW,NYI,82,20,13,64270,13.05
123,27.04.1987,Thunder Bay,CAN,USA,72,191,Chorney,Taylor,D,WSH,18,1,4,15405,14.27
124,31.03.1998,Boca Raton,USA,USA,75,200,Chychrun,Jakob,D,ARI,68,7,13,68000,16.67
125,27.02.1991,Toronto,CAN,CAN,71,201,Cizikas,Casey,C,NYI,59,8,17,49230,13.9
126,24.11.1992,Stockholm,SWE,SWE,73,200,Claesson,Fredrik,D,OTT,33,3,8,26016,13.13
127,26.10.1992,Niagara Falls,USA,USA,72,196,Clendening,Adam,D,NYR,31,2,9,29406,15.82
128,13.01.1991,Ayr,CAN,CAN,74,211,Clifford,Kyle,LW/C,L.A,73,6,6,46968,10.72
129,18.11.1987,Welland,CAN,CAN,71,218,Clutterbuck,Cal,RW,NYI,66,5,15,55429,14
130,27.02.1985,Shaunavon,CAN,CAN,77,223,Coburn,Braydon,D,T.B,80,5,7,80335,16.73
131,14.06.1987,Toronto,CAN,CAN,70,184,Cogliano,Andrew,LW/C/RW,ANA,82,16,19,74479,15.13
132,30.01.1990,Calgary,CAN,CAN,77,221,Colborne,Joe,C/LW/RW,COL,62,4,4,39800,10.7
133,21.02.1989,Ann Arbor,USA,USA,73,219,Cole,Ian,D,PIT,81,5,21,96325,19.82
134,28.11.1991,Plano,USA,USA,71,200,Coleman,Blake,C/LW,N.J,23,1,1,17728,12.85
135,18.02.1986,Meadow Lake,CAN,CAN,73,202,Comeau,Blake,LW/RW,COL,77,8,12,69229,14.97
136,08.04.1995,Northbrook,USA,USA,72,193,Compher,J.T.,LW/C,COL,21,3,2,18811,14.93
137,14.12.1989,Burlington,CAN,CAN,68,180,Conacher,Cory,C/LW,T.B,11,1,3,7631,11.57
138,06.08.1986,Trenton,USA,USA,71,188,Condra,Erik,RW,T.B,13,0,0,7519,9.63
139,23.02.1990,Edmonton,CAN,CAN,74,205,Connauton,Kevin,D,ARI,24,0,1,18910,13.13
140,02.05.1992,Campbell River,CAN,CAN,75,194,Connolly,Brett,RW/LW,WSH,66,15,8,42331,10.68
141,09.12.1996,Shelby Twp.,USA,USA,73,182,Connor,Kyle,LW,WPG,20,2,3,14665,12.22
142,08.07.1994,Ann Arbor,USA,USA,73,206,Copp,Andrew,C,WPG,64,9,8,47398,12.35
143,26.03.1993,Toronto,CAN,CAN,72,205,Corrado,Frank,D,PIT/TOR,4,0,0,2585,10.77
144,20.07.1993,Belleville,CAN,CAN,70,188,Cousins,Nick,C/LW,PHI,60,6,10,43204,12
145,28.03.1989,Guelph,CAN,CAN,73,200,Couture,Logan,C/LW,S.J,73,25,27,77114,17.63
146,07.12.1992,Phoenix,USA,CAN,75,211,Couturier,Sean,C,PHI,66,14,20,73045,18.45
147,02.03.1992,E. Weymouth,USA,USA,75,221,Coyle,Charlie,C/RW,MIN,82,18,38,82174,16.7
148,15.07.1985,Prince Albert,CAN,CAN,75,220,Cracknell,Adam,RW/C,DAL,69,10,6,43305,10.47
149,26.10.1992,Toronto,CAN,CAN,72,192,Cramarossa,Joseph,C/LW,ANA/VAN,59,4,6,35208,9.95
150,07.08.1987,Cole Harbour,CAN,CAN,71,200,Crosby,Sidney,C,PIT,75,44,45,89450,19.88
151,23.06.1997,Mt. Brydges,CAN,CAN,76,220,Crouse,Lawson,LW,ARI,72,5,7,51358,11.88
152,02.11.1976,Virginia,USA,USA,73,200,Cullen,Matt,C/LW,PIT,72,13,18,60128,13.92
153,12.12.1992,Detroit,USA,USA,69,160,Czarnik,Austin,C,BOS,49,5,8,38267,13.02
154,06.07.1991,Katrineholm,SWE,SWE,75,207,Dahlbeck,Klas,D,CAR,43,2,4,35832,13.88
155,09.10.1983,Toronto,CAN,CAN,71,195,Daley,Trevor,D,PIT,56,5,14,68471,20.38
156,01.11.1989,Paris,CAN,CAN,74,199,Dalpe,Zac,C,MIN,9,1,2,4620,8.55
157,24.02.1993,Victoriaville,CAN,CAN,73,193,Danault,Phillip,LW/C,MTL,82,13,27,76662,15.58
158,30.11.1994,Eisenstadt,AUT,SVK,71,212,Dano,Marko,C/LW/RW,WPG,38,4,7,24361,10.68
159,27.03.1995,Repentigny,CAN,CAN,73,180,Dauphin,Laurent,C,ARI,24,2,1,15710,10.92
160,21.08.1991,Lethbridge,CAN,CAN,74,210,Davidson,Brandon,D,EDM/MTL,38,0,3,35841,15.72
161,09.05.1991,Carp,CAN,CAN,73,197,de Haan,Calvin,D,NYI,82,5,20,97653,19.85
162,20.05.1995,Arvika,SWE,SWE,75,214,De la Rose,Jacob,LW,MTL,9,0,0,5890,10.9
163,08.02.1994,Laval,CAN,CAN,71,175,Dea,Jean-Sebastien,C,PIT,1,0,0,678,11.3
164,24.10.1995,Sewell,USA,USA,71,183,Deangelo,Anthony,D,ARI,39,5,9,40000,17.1
165,07.03.1990,Detroit,USA,USA,75,192,DeKeyser,Danny,D,DET,82,4,8,107976,21.93
166,24.06.1990,Stouffville,CAN,CAN,72,195,Del Zotto,Michael,D,PHI,51,6,12,59682,19.5
167,01.05.1993,London,CAN,CAN,73,195,Demelo,Dylan,D,S.J,25,1,7,23839,15.9
168,09.06.1988,Dorval,CAN,CAN,73,200,Demers,Jason,D,FLA,81,9,19,95309,19.62
169,14.09.1986,Laurier-Station,CAN,CAN,67,176,Desharnais,David,C,EDM/MTL,49,6,8,36628,12.47
170,27.07.1986,Lively,CAN,CAN,73,195,Desjardins,Andrew,LW/C,CHI,46,0,1,25948,9.4
171,22.02.1991,LaSalle,CAN,CAN,73,216,Deslauriers,Nicolas,LW,BUF,42,0,2,18688,7.42
172,27.07.1991,Laval,CAN,CAN,76,218,Despres,Simon,D,ANA,1,0,0,968,16.13
173,09.10.1993,Toronto,CAN,CAN,72,200,Di Giuseppe,Phillip,LW,CAR,36,1,6,26559,12.3
174,04.07.1995,Georgetown,CAN,CAN,74,205,Dickinson,Jason,C,DAL,10,2,0,7074,11.78
175,20.02.1989,Toronto,CAN,CAN,71,174,Didomenico,Chris,C/RW,OTT,3,0,0,1983,11.02
176,13.11.1990,New Westminster,CAN,CAN,76,230,Dillon,Brenden,D,S.J,81,2,8,80031,16.38
177,10.10.1976,Halkirk,CAN,CAN,73,223,Doan,Shane,RW/LW,ARI,74,6,21,66813,15.05
178,02.03.1995,Winnipeg,CAN,CAN,70,198,Domi,Max,LW/C,ARI,59,9,29,60112,16.98
179,13.04.1992,Raahe,FIN,FIN,72,190,Donskoi,Joonas,RW,S.J,61,6,11,50548,13.68
180,20.12.1986,Kindersley,CAN,CAN,72,192,Dorsett,Derek,RW,VAN,14,1,3,8343,9.93
181,24.03.1994,Cambridge,CAN,CAN,75,210,Dotchin,Jake,D,T.B,35,0,11,38701,18.43
182,08.12.1989,London,CAN,CAN,73,195,Doughty,Drew,D,L.A,82,12,32,133550,27.15
183,27.05.1990,Huntsville,USA,USA,74,196,Dowd,Nic,C,L.A,70,6,16,52314,12.45
184,01.10.1990,Calgary,CAN,CAN,70,185,Dowling,Justin,C,DAL,9,0,2,5654,10.47
185,27.10.1995,Cologne,DEU,DEU,73,216,Draisaitl,Leon,C,EDM,82,29,48,92909,18.88
186,28.03.1995,Ste-Agathe,CAN,CAN,71,188,Drouin,Jonathan,LW,T.B,73,21,32,77555,17.7
187,29.04.1986,Anchorage,USA,USA,74,218,Dubinsky,Brandon,C/LW,CBJ,80,12,29,85898,17.9
188,16.01.1991,Haliburton,CAN,CAN,71,195,Duchene,Matt,C/LW,COL,77,18,23,84565,18.28
189,26.08.1995,Pointe-Claire,CAN,CAN,71,185,Duclair,Anthony,LW/RW,ARI,58,5,10,46282,13.3
190,25.07.1994,Regina,CAN,CAN,72,183,Dumba,Matt,D,MIN,76,11,23,92686,20.32
191,06.10.1990,Ville Degelis,CAN,CAN,70,190,Dumont,Gabriel,C,T.B,39,2,2,22627,9.67
192,06.09.1991,Biddeford,USA,USA,76,207,Dumoulin,Brian,D,PIT,70,1,14,86294,20.53
193,02.02.1996,Palos,USA,USA,72,187,Dvorak,Christian,C/LW,ARI,78,15,18,73086,15.62
194,09.03.1992,Wheaton,USA,USA,72,187,Dzingel,Ryan,LW/RW/C,OTT,81,14,18,69926,14.38
195,24.05.1991,Winnipeg,CAN,CAN,72,190,Eakin,Cody,C,DAL,60,3,9,60535,16.82
196,01.05.1984,Calgary,CAN,USA,72,200,Eaves,Patrick,RW/LW,ANA/DAL,79,32,19,77776,16.42
197,15.05.1990,Regina,CAN,CAN,71,184,Eberle,Jordan,RW/C,EDM,82,20,31,82497,16.75
198,21.04.1986,Ostersund,SWE,SWE,75,214,Edler,Alex,D,VAN,68,6,15,99200,24.32
199,28.06.1993,Brandon,CAN,CAN,76,220,Edmundson,Joel,D,STL,69,3,12,73562,17.77
200,14.02.1996,Aalborg,DNK,DNK,72,172,Ehlers,Nikolaj,LW,WPG,82,25,39,86032,17.48
201,28.10.1996,North Chelmsford,USA,USA,74,196,Eichel,Jack,C,BUF,61,24,33,72908,19.92
202,07.02.1996,Windsor,CAN,CAN,76,216,Ekblad,Aaron,D,FLA,68,10,11,87557,21.47
203,24.05.1990,Borlange,SWE,SWE,76,215,Ekholm,Mattias,D,NSH,82,3,20,115415,23.45
204,17.07.1991,Karlskrona,SWE,SWE,74,200,Ekman-Larsson,Oliver,D,ARI,79,12,27,116677,24.62
205,16.04.1995,Cornwall,CAN,CAN,73,210,Elie,Remi,LW,DAL,18,1,6,16875,15.63
206,08.05.1989,Rodovre,DNK,DNK,74,207,Eller,Lars,C/LW/RW,WSH,81,12,13,67558,13.9
207,03.01.1991,Hamilton,CAN,CAN,70,180,Ellis,Ryan,D,NSH,71,16,22,102052,23.95
208,25.04.1986,Togliatti,RUS,RUS,74,218,Emelin,Alexei,D,MTL,76,2,8,97227,21.32
209,03.04.1982,Edmonton,CAN,CAN,74,214,Engelland,Deryk,D,CGY,81,4,12,89083,18.33
210,21.01.1996,Stockholm,SWE,SWE,75,189,Englund,Andreas,D,OTT,5,0,0,3189,10.58
211,06.10.1989,Edmonton,CAN,CAN,69,175,Ennis,Tyler,LW/C/RW,BUF,51,5,8,39278,12.83
212,05.11.1984,Nordingra,SWE,SWE,70,180,Enstrom,Tobias,D,WPG,60,1,13,78856,21.9
213,02.03.1984,Karlskrona,SWE,SWE,76,220,Ericsson,Jonathan,D,DET,51,1,8,58815,19.22
214,17.07.1985,Gothenburg,SWE,SWE,74,196,Eriksson,Loui,LW/C,VAN,65,11,13,72843,18.67
215,29.01.1997,Karlstad,SWE,SWE,74,197,Eriksson Ek,Joel,C/RW/LW,MIN,15,3,4,9551,10.62
216,20.04.1995,New Haven,USA,USA,73,214,Erne,Adam,LW,T.B,26,3,0,18419,11.8
217,16.06.1992,Long Beach,USA,USA,73,212,Etem,Emerson,LW/RW,ANA,3,0,0,1585,8.8
218,22.01.1996,Mississauga,CAN,CAN,70,195,Fabbri,Robby,C/LW,STL,51,11,18,47764,15.62
219,09.01.1994,Vitkov,CZE,CZE,75,210,Faksa,Radek,C,DAL,80,12,21,77628,16.17
220,11.10.1988,Snowflake,CAN,CAN,77,222,Falk,Justin,D,BUF,52,0,8,42738,13.7
221,21.01.1989,North Andover,USA,USA,70,190,Farnham,Bobby,RW,MTL,3,0,0,1489,8.27
222,28.07.1995,Milwaukee,USA,USA,74,209,Fasching,Hudson,RW,BUF,10,0,1,6245,10.42
223,02.12.1991,Nassjo,SWE,SWE,72,190,Fast,Jesper,RW/LW,NYR,68,6,15,56290,13.8
224,20.03.1992,South St.Paul,USA,USA,72,215,Faulk,Justin,D,CAR,75,17,20,104133,23.13
225,15.05.1987,Nashua,USA,USA,75,212,Fayne,Mark,D,EDM,4,0,2,1900,7.92
226,04.06.1988,Edmonton,CAN,CAN,73,198,Fedun,Taylor,D,BUF,27,0,7,21649,13.37
227,07.09.1985,Winkler,CAN,CAN,76,212,Fehr,Eric,C/RW,PIT/TOR,53,6,5,34751,10.93
228,20.04.1992,Swan River,CAN,CAN,74,208,Ferland,Micheal,LW/RW,CGY,76,15,10,52736,11.57
229,22.07.1996,St. Gallen,CHE,CHE,70,193,Fiala,Kevin,LW,NSH,54,11,5,43780,13.52
230,09.05.1980,Edmonton,CAN,CAN,71,205,Fiddler,Vernon,C/LW,N.J/NSH,59,2,2,41249,11.55
231,20.03.1984,Vantaa,FIN,FIN,72,196,Filppula,Valtteri,C/LW,PHI/T.B,79,12,30,82505,17.4
232,15.04.1997,Chicago,USA,USA,74,214,Fischer,Christian,RW,ARI,7,3,0,5177,12.33
233,05.06.1980,Peterborough,CAN,CAN,73,216,Fisher,Mike,C,NSH,72,18,24,71785,16.62
234,26.07.1988,Lynnfield,USA,USA,73,183,Flynn,Brian,C/RW,MTL,51,6,4,36921,12.07
235,10.08.1991,Buffalo,USA,CAN,75,228,Foligno,Marcus,LW,BUF,80,13,10,74264,15.47
236,31.10.1987,Buffalo,USA,USA,72,205,Foligno,Nick,LW/RW,CBJ,79,26,25,87336,18.43
237,09.02.1991,Gothenburg,SWE,SWE,75,204,Folin,Christian,D,MIN,51,2,6,45700,14.93
238,04.03.1992,Duluth,USA,USA,76,216,Forbort,Derek,D,L.A,82,2,16,98971,20.12
239,31.10.1996,Stockholm,SWE,SWE,73,184,Forsbacka Karlsson,Jakob,C,BOS,1,0,0,505,8.42
240,13.08.1994,Ostervala,SWE,SWE,73,205,Forsberg,Filip,LW/C/RW,NSH,82,31,27,91109,18.52
241,12.06.1996,Linkoping,SWE,SWE,72,186,Forsling,Gustav,D,CHI,38,2,3,33787,14.82
242,05.12.1991,Windsor,CAN,USA,73,207,Fowler,Cam,D,ANA,80,11,28,119271,24.85
243,08.08.1987,Sicamous,CAN,CAN,77,224,Franson,Cody,D,BUF,68,3,16,75408,18.48
244,05.10.1993,Pelhrimov,CZE,CZE,73,194,Frk,Martin,RW,CAR,2,0,0,1000,8.33
245,12.03.1991,Winkler,CAN,CAN,72,205,Froese,Byron,C,T.B/TOR,6,0,0,3798,10.55
246,17.02.1988,Kladno,CZE,CZE,73,194,Frolik,Michael,RW/C,CGY,82,17,27,84044,17.08
247,14.02.1982,Trencin,SVK,SVK,73,205,Gaborik,Marian,RW,L.A,56,10,11,49693,14.78
248,20.04.1993,Newmarket,CAN,CAN,76,211,Gabriel,Kurtis,RW,MIN,13,0,1,4539,5.82
249,10.08.1989,London,CAN,CAN,71,200,Gagner,Sam,C/RW,CBJ,81,18,32,66654,13.72
250,12.02.1994,Milwaukee,USA,USA,73,210,Galchenyuk,Alex,C/LW,MTL,61,17,27,58303,15.92
251,06.05.1992,Edmonton,CAN,CAN,69,182,Gallagher,Brendan,RW,MTL,64,10,19,57965,15.1
252,12.08.1985,Edmonton,CAN,CAN,72,195,Garbutt,Ryan,C/LW,ANA,27,2,1,14837,9.17
253,04.07.1990,Minnetonka,USA,USA,74,200,Gardiner,Jake,D,TOR,82,9,34,105945,21.3
254,13.11.1984,White Rock,CAN,CAN,73,218,Garrison,Jason,D,T.B,70,1,8,77969,18.57
255,04.04.1993,Hamilton,CAN,CAN,75,205,Gaudet,Tyler,C,ARI,4,0,1,3117,12.98
256,01.05.1993,Bromont,CAN,CAN,72,179,Gaudreau,Frederick,C,NSH,9,0,1,4678,8.67
257,13.08.1993,Salem,USA,USA,69,157,Gaudreau,Johnny,LW,CGY,72,18,43,79882,18.48
258,25.03.1994,Sudbury,CAN,CAN,74,217,Gaunce,Brendan,C/LW,VAN,57,0,5,32460,9.5
259,19.03.1990,Sudbury,CAN,CAN,73,210,Gaunce,Cameron,D,PIT,12,1,3,9013,12.52
260,26.04.1995,St-Lin,CAN,CAN,77,235,Gauthier,Frederik,C,TOR,21,2,1,12213,9.7
261,25.07.1989,Toronto,CAN,CAN,76,225,Gazdic,Luke,LW,N.J,11,0,0,4707,7.13
262,08.05.1991,Vanier,CAN,CAN,76,215,Gelinas,Eric,D,COL,27,0,1,18764,11.58
263,10.05.1985,Regina,CAN,CAN,76,221,Getzlaf,Ryan,C,ANA,74,15,58,93553,21.07
264,10.01.1983,Bloomington,USA,USA,74,210,Gilbert,Tom,D,L.A,18,1,4,16693,15.45
265,18.01.1979,Rochester,USA,USA,67,178,Gionta,Brian,RW,BUF,82,15,20,81698,16.6
266,09.10.1983,Rochester,USA,USA,67,175,Gionta,Stephen,RW/C,NYI,26,1,5,17483,11.2
267,03.10.1983,Toronto,CAN,CAN,72,198,Giordano,Mark,D,CGY,81,12,27,114610,23.58
268,29.04.1984,Welland,CAN,CAN,73,212,Girardi,Dan,D,NYR,63,4,11,72208,19.1
269,05.01.1994,Riga,LVA,LVA,74,200,Girgensons,Zemgus,C/LW,BUF,75,7,9,59218,13.17
270,12.01.1988,Hearst,CAN,CAN,71,185,Giroux,Claude,C/RW,PHI,82,14,44,94082,19.12
271,29.11.1983,Regina,CAN,CAN,73,213,Glass,Tanner,LW,NYR,11,1,1,7201,10.92
272,28.04.1989,Grand Rapids,USA,USA,71,199,Glendening,Luke,C/RW/LW,DET,74,3,11,57343,12.92
273,07.10.1995,Moscow,RUS,RUS,71,185,Goldobin,Nikolay,RW/LW,S.J/VAN,14,3,0,9551,11.37
274,30.07.1985,Grand Rapids,USA,USA,71,185,Goligoski,Alex,D,ARI,82,6,30,114780,23.33
275,30.11.1989,Mississauga,CAN,CAN,73,200,Goloubef,Cody,D,COL,33,0,5,33639,16.98
276,26.02.1993,Toronto,CAN,CAN,74,215,Goodrow,Barclay,RW/C,S.J,3,0,1,2035,11.3
277,19.10.1983,Unity,CAN,CAN,72,200,Gordon,Boyd,C/RW,PHI,13,1,0,6379,8.18
278,14.08.1984,Kelowna,CAN,CAN,73,204,Gorges,Josh,D,BUF,66,1,5,73091,18.45
279,20.04.1993,Pembroke Pines,USA,USA,71,180,Gostisbehere,Shayne,D,PHI,76,7,32,89350,19.58
280,15.12.1991,Saint-Narcisse,CAN,CAN,69,172,Gourde,Yanni,C,T.B,20,6,2,18441,15.37
281,05.10.1987,Villach,AUT,AUT,73,185,Grabner,Michael,RW,NYR,76,27,13,64272,14.1
282,27.08.1992,Gallivare,SWE,SWE,75,200,Granberg,Petter,D,NSH,10,0,0,5776,9.63
283,16.04.1993,Oulu,FIN,FIN,72,183,Granlund,Markus,C,VAN,69,19,13,71657,17.3
284,26.02.1992,Oulu,FIN,FIN,70,184,Granlund,Mikael,C,MIN,81,26,43,91487,18.82
285,20.04.1990,Abbotsford,CAN,CAN,75,212,Grant,Derek,C,BUF/NSH,46,0,4,26938,9.77
286,27.04.1993,Brampton,CAN,CAN,77,212,Graovac,Tyler,C,MIN,52,7,2,30703,9.83
287,06.03.1992,Kingsford,USA,USA,76,212,Gravel,Kevin,D,L.A,49,1,6,41602,14.15
288,12.10.1985,Calgary,CAN,CAN,73,207,Green,Mike,D,DET,72,14,22,101763,23.55
289,30.10.1982,Trenton,USA,USA,71,190,Greene,Andy,D,N.J,66,4,9,86898,21.75
290,13.05.1983,Grand Ledge,USA,USA,75,236,Greene,Matt,D,L.A,26,1,1,20564,13.18
291,14.12.1996,Joliette,CAN,CAN,75,204,Greer,A.J.,LW,COL,5,0,1,4097,13.65
292,05.09.1991,Laval,CAN,CAN,77,200,Grenier,Alex,RW,VAN,3,0,0,1167,6.48
293,04.01.1993,Wallaceburg,CAN,CAN,69,191,Griffith,Seth,C/RW,FLA/TOR,24,0,5,18337,12.73
294,16.05.1994,Khabarovsk,RUS,RUS,75,209,Grigorenko,Mikhail,C,COL,75,10,13,63401,14.08
295,08.02.1993,Anaheim,USA,USA,66,180,Grimaldi,Rocco,C,COL,4,0,1,2640,11
296,22.01.1985,Stockholm,SWE,SWE,76,230,Grossmann,Nicklas,D,CGY,3,0,0,2342,13.02
297,14.04.1988,Saskatoon,CAN,CAN,76,225,Gryba,Eric,D,EDM,40,2,4,38735,16.13
298,05.01.1994,Charlestown,USA,USA,69,174,Grzelcyk,Matt,D,BOS,2,0,0,1498,12.48
299,05.06.1990,Prague,CZE,CZE,72,204,Gudas,Radko,D,PHI,67,6,17,77555,19.3
300,07.01.1992,Ottawa,CAN,CAN,77,220,Gudbranson,Erik,D,VAN,30,1,5,36603,20.33
301,06.10.1994,Omaha,USA,USA,71,180,Guentzel,Jake,C/LW,PIT,40,16,17,38126,15.88
302,29.07.1997,Edmonton,CAN,CAN,73,186,Guhle,Brendan,D,BUF,3,0,0,2943,16.35
303,09.11.1986,Orebro,SWE,SWE,74,197,Gunnarsson,Carl,D,STL,56,0,6,45681,13.6
304,07.06.1997,Togliatti,RUS,RUS,75,200,Gurianov,Denis,RW,DAL,1,0,0,786,13.1
305,23.08.1988,Sodertalje,SWE,SWE,71,186,Hagelin,Carl,LW,PIT,61,6,16,56693,15.48
306,08.02.1995,Uppsala,SWE,SWE,74,204,Hagg,Robert,D,PHI,1,0,0,1279,21.32
307,24.03.1981,Bolton,USA,USA,75,210,Hainsey,Ron,D,CAR/PIT,72,4,13,95169,22.03
308,30.03.1986,Guelph,CAN,CAN,71,205,Haley,Micheal,C,S.J,58,2,10,31939,9.07
309,14.11.1991,Calgary,CAN,CAN,73,201,Hall,Taylor,LW/C,N.J,72,20,33,83510,19.32
310,13.12.1982,Smithers,CAN,CAN,73,200,Hamhuis,Dan,D,DAL,79,1,15,91766,19.37
311,17.06.1993,Toronto,CAN,CAN,78,210,Hamilton,Dougie,D,CGY,81,13,37,95665,19.68
312,01.01.1992,Toronto,CAN,CAN,73,195,Hamilton,Freddie,C,CGY,26,2,0,15258,9.78
313,16.08.1990,St. Malo,CAN,CAN,74,205,Hamonic,Travis,D,NYI,49,3,11,60139,20.45
314,25.01.1997,Boston,USA,USA,75,206,Hanifin,Noah,D,CAR,81,4,25,87092,17.92
315,08.06.1991,Keswick,CAN,CAN,72,193,Hanley,Joel,D,MTL,7,0,0,4266,10.15
316,26.03.1993,Helsinki,FIN,FIN,74,195,Hannikainen,Markus,LW,CBJ,10,1,1,5476,9.13
317,15.03.1986,Rødovre,DNK,DNK,73,194,Hansen,Jannik,RW,S.J/VAN,43,8,12,41414,16.05
318,20.02.1987,Pisek,CZE,CZE,78,226,Hanzal,Martin,C,ARI/MIN,71,20,19,75486,17.72
319,01.02.1989,Valencia,USA,USA,71,193,Harper,Shane,RW,FLA,14,2,1,8652,10.3
320,12.01.1995,Hamilton,CAN,CAN,78,222,Harpur,Ben,D,OTT,6,0,0,6409,17.8
321,10.03.1993,Kingston,CAN,CAN,74,219,Harrington,Scott,D,CBJ,22,1,2,17169,13
322,20.09.1994,Hilton Head Isl.,USA,USA,72,181,Hartman,Ryan,LW/RW,CHI,76,19,12,58218,12.77
323,18.04.1982,Regina,CAN,CAN,74,215,Hartnell,Scott,LW,CBJ,78,13,24,56450,12.07
324,23.11.1991,Kennebunkport,USA,USA,74,208,Hathaway,Garnet,RW,CGY,26,1,4,14257,9.13
325,23.03.1991,Pori,FIN,FIN,72,193,Haula,Erik,C/LW,MIN,72,15,11,59673,13.82
326,14.02.1995,Chicago,USA,USA,75,223,Hayden,John,LW/RW/C,CHI,12,1,3,8413,11.68
327,21.11.1989,Boston,USA,USA,77,215,Hayes,Jimmy,RW,BOS,58,2,3,32121,9.23
328,08.05.1992,Dorchester,USA,USA,77,215,Hayes,Kevin,C/RW,NYR,76,17,32,75508,16.57
329,18.12.1990,Ornskoldsvik,SWE,SWE,78,223,Hedman,Victor,D,T.B,79,16,56,116175,24.5
330,27.01.1991,Gothenburg,SWE,SWE,71,165,Heed,Tim,D,S.J,1,0,0,989,16.48
331,05.07.1995,Langley,CAN,CAN,73,185,Heinen,Danton,C,BOS,8,0,0,6352,13.23
332,08.10.1990,Faribault,USA,USA,76,210,Helgeson,Seth,D,N.J,9,1,0,7273,13.47
333,21.01.1987,St. Andrews,CAN,CAN,72,196,Helm,Darren,C,DET,50,8,9,46108,15.35
334,13.08.1983,Pardubice,CZE,CZE,72,185,Hemsky,Ales,RW,DAL,15,4,3,12978,14.42
335,17.06.1981,Blaine,USA,USA,72,209,Hendricks,Matt,LW/C,EDM,42,4,3,27087,10.75
336,25.07.1993,Val-d'Or,CAN,CAN,76,210,Henley,Samuel,C/RW,COL,1,1,0,318,5.3
337,06.02.1990,Brantford,CAN,CAN,72,195,Henrique,Adam,C,N.J,82,20,20,89407,18.12
338,12.11.1993,Praha,CZE,CZE,74,215,Hertl,Tomas,C/RW,S.J,49,10,12,50638,17.22
339,08.02.1989,Calgary,CAN,CAN,72,189,Hickey,Thomas,D,NYI,76,4,16,79885,17.52
340,03.04.1994,Chicago,USA,USA,69,173,Hinostroza,Vinnie,LW/C,CHI,49,6,8,35216,11.98
341,06.06.1987,Eksjo,SWE,SWE,75,197,Hjalmarsson,Niklas,D,CHI,73,5,13,94148,21.5
342,22.01.1996,Toronto,CAN,CAN,72,173,Ho-Sang,Joshua,RW/C,NYI,21,4,6,20735,16.45
343,24.11.1989,Kitchener,CAN,CAN,72,180,Hoffman,Mike,LW/C,OTT,74,26,35,78113,17.6
344,15.05.1987,St. Albert,CAN,CAN,76,214,Holden,Nick,D,NYR,80,11,23,98941,20.62
345,14.01.1991,Toronto,CAN,CAN,74,200,Holland,Peter,C,ARI/TOR,48,5,7,36720,12.75
346,16.02.1988,Munich,DEU,DEU,75,215,Holzer,Korbinian,D,ANA,32,2,5,25945,13.52
347,03.12.1995,Jyväskylä,FIN,FIN,71,195,Honka,Julius,D,DAL,16,1,4,16194,16.87
348,01.01.1987,Sollentuna,SWE,SWE,71,189,Hornqvist,Patric,RW,PIT,70,21,23,66995,15.95
349,05.04.1995,London,CAN,CAN,72,223,Horvat,Bo,C,VAN,81,20,32,87636,18.03
350,12.01.1979,Stará Lubovna,SVK,SVK,73,207,Hossa,Marian,RW,CHI,73,26,19,73836,16.87
351,21.01.1992,Winnipeg,CAN,CAN,74,189,Howden,Quinton,C/LW/C,WPG,5,0,0,2597,8.65
352,28.08.1991,Cadca,SVK,SVK,74,197,Hrivik,Marek,LW/C/RW,NYR,16,0,2,10003,10.42
353,04.06.1993,Saint-Jerome,CAN,CAN,73,188,Huberdeau,Jonathan,LW/C,FLA,31,10,16,33330,17.92
354,04.01.1984,Olomouc,CZE,CZE,70,190,Hudler,Jiri,RW/LW,DAL,32,3,8,22752,11.85
355,23.06.1994,Alma,CAN,CAN,70,195,Hudon,Charles,LW,MTL,3,0,2,2147,11.93
356,24.08.1988,Maple Ridge,CAN,CAN,69,187,Hunt,Brad,D,NSH/STL,12,1,5,10441,14.5
357,21.05.1985,Warren,USA,USA,71,200,Hunwick,Matt,D,TOR,72,1,18,77667,17.88
358,20.04.1993,Brockville,CAN,CAN,74,207,Hutton,Ben,D,VAN,71,5,14,87317,20.5
359,09.06.1992,Toronto,CAN,CAN,73,210,Hyman,Zach,C/RW/LW,TOR,82,10,18,82149,16.62
360,01.07.1977,Edmonton,CAN,CAN,73,210,Iginla,Jarome,RW,COL/L.A,80,14,13,72610,15.13
361,29.11.1987,Victoria,CAN,CAN,73,207,Irwin,Matt,D,NSH,74,3,11,72228,16.27
362,15.02.1972,Kladno,CZE,CZE,75,230,Jagr,Jaromir,RW,FLA,82,16,30,83639,17
363,13.09.1994,Hamilton,CAN,CAN,76,202,Jankowski,Mark,C,CGY,1,0,0,618,10.3
364,25.09.1991,Gävle,SWE,SWE,71,186,Jarnkrok,Calle,C,NSH,81,15,16,76428,15.72
365,23.03.1993,Omsk,RUS,CZE,74,196,Jaskin,Dmitrij,RW/LW,STL,51,1,10,35352,11.55
366,15.06.1993,Dorchester,CAN,CAN,74,216,Jenner,Boone,C/LW,CBJ,82,18,16,79022,16.07
367,21.09.1990,St. Paul,USA,USA,72,196,Jensen,Nick,D,DET,49,4,9,52202,17.75
368,06.03.1993,Herning,DNK,DNK,75,216,Jensen,Nicklas,RW/LW,NYR,7,0,0,3874,9.22
369,31.07.1992,Vancouver,CAN,CAN,75,218,Johansen,Ryan,C/RW,NSH,82,14,47,92671,18.83
370,06.10.1990,Landskrona,SWE,SWE,73,204,Johansson,Marcus,LW/C/RW,WSH,82,24,34,83610,17
371,18.04.1992,Ellwood City,USA,USA,76,230,Johns,Stephen,D,DAL,61,4,6,66815,18.25
372,21.03.1988,Bloomington,USA,USA,76,225,Johnson,Erik,D,COL,46,2,15,60945,22.07
373,13.01.1987,Indianapolis,USA,USA,73,226,Johnson,Jack,D,CBJ,82,5,18,107366,21.82
374,29.07.1990,Spokane,USA,USA,68,183,Johnson,Tyler,C,T.B,66,19,26,74534,18.82
375,14.02.1992,Sudbury,CAN,CAN,70,180,Johnston,Ryan,D,MTL,7,0,0,4145,9.87
376,01.04.1983,Kalajoki,FIN,FIN,71,198,Jokinen,Jussi,LW/RW/C,FLA,69,11,17,72080,17.42
377,20.08.1991,Tampere,FIN,FIN,75,215,Jokipakka,Jyrki,D,CGY/OTT,41,1,5,35507,14.42
378,16.08.1990,Montrose,CAN,CAN,69,176,Jones,Connor,C/LW,NYI,4,0,0,2843,11.85
379,03.10.1994,Arlington,USA,USA,76,220,Jones,Seth,D,CBJ,75,12,30,105315,23.4
380,14.07.1990,Burlington,CAN,CAN,73,197,Jooris,Josh,RW/C,ARI/NYR,54,4,8,39514,12.2
381,02.03.1991,Stockholm,SWE,SWE,72,190,Josefson,Jacob,C/LW,N.J,38,1,9,27924,12.13
382,01.06.1990,Bern,CHE,CHE,73,201,Josi,Roman,D,NSH,72,12,37,108323,25.07
383,14.03.1998,St. Albert,CAN,CAN,71,191,Jost,Tyson,C/LW/RW,COL,6,1,0,5643,15.68
384,28.12.1992,Kosice,SVK,SVK,74,188,Jurco,Tomas,LW/RW,CHI/DET,29,1,0,18504,10.63
385,06.10.1990,London,CAN,CAN,72,195,Kadri,Nazem,C,TOR,82,32,29,81570,16.43
386,17.03.1991,Omsk,RUS,RUS,75,200,Kalinin,Sergey,C/RW,N.J,43,2,2,33008,12.63
387,12.08.1996,Orsk,RUS,RUS,74,194,Kamenev,Vladislav,LW/C,NSH,2,0,0,1207,10.07
388,24.09.1988,Ann Arbor,USA,USA,71,192,Kampfer,Steven,D,FLA/NYR,11,1,1,8750,13.25
389,02.08.1991,Vancouver,CAN,CAN,74,211,Kane,Evander,LW,BUF,70,28,15,80648,19.2
390,19.11.1988,Buffalo,USA,USA,71,177,Kane,Patrick,RW/C,CHI,82,34,55,105263,21.4
391,23.07.1996,Kuopio,FIN,FIN,73,185,Kapanen,Kasperi,RW,TOR,8,1,0,5134,10.7
392,19.09.1994,Eau Claire,USA,USA,72,200,Kapla,Michael,D,N.J,5,0,0,5232,17.43
393,31.05.1990,Landsbro,SWE,SWE,72,191,Karlsson,Erik,D,OTT,77,17,54,123989,26.83
394,18.07.1990,Lycksele,SWE,SWE,72,180,Karlsson,Melker,C/RW,S.J,67,11,11,51459,12.8
395,08.01.1993,Marsta,SWE,SWE,73,189,Karlsson,William,C,CBJ,81,6,19,65063,13.38
396,08.11.1995,Kadan,CZE,CZE,72,180,Kase,Ondrej,RW,ANA,53,5,10,37473,11.78
397,24.01.1991,Windsor,CAN,CAN,75,207,Kassian,Zack,RW,EDM,79,7,17,58315,12.3
398,12.05.1981,North Vancouver,CAN,CAN,72,200,Kearns,Bracken,C,NYI,2,0,0,1343,11.2
399,16.07.1983,Winnipeg,CAN,CAN,73,192,Keith,Duncan,D,CHI,80,6,47,122960,25.62
400,29.07.1998,Chesterfield,USA,USA,70,168,Keller,Clayton,C/LW,ARI,3,0,2,2280,12.67
401,11.11.1980,Toronto,CAN,CAN,72,190,Kelly,Chris,C/LW,OTT,82,5,7,58740,11.93
402,13.09.1996,Kramfors,SWE,SWE,74,202,Kempe,Adrian,LW/C,L.A,25,2,4,18346,12.23
403,08.09.1990,Hodonin,CZE,CZE,72,194,Kempny,Michal,D,CHI,50,2,6,44898,14.97
404,11.01.1994,Lewisville,USA,USA,74,191,Kerdiles,Nicolas,LW,ANA,1,0,0,668,11.13
405,24.07.1992,Hancock,USA,USA,72,185,Kero,Tanner,C/RW,CHI,47,6,10,38030,13.48
406,31.08.1984,Livonia,USA,USA,74,202,Kesler,Ryan,C/RW,ANA,82,22,36,104814,21.3
407,02.10.1987,Madison,USA,USA,72,202,Kessel,Phil,RW/C,PIT,82,23,47,88259,17.93
408,13.08.1994,Surrey,CAN,CAN,76,219,Khaira,Jujhar,LW,EDM,10,1,0,5554,9.25
409,14.09.1989,Halifax,CAN,CAN,73,196,Killorn,Alex,LW/C,T.B,81,19,17,87494,18
410,10.02.1987,Sumperk,CZE,CZE,75,199,Kindl,Jakub,D,FLA,39,0,4,34376,14.68
411,05.07.1989,Meadow Lake,CAN,CAN,76,229,King,Dwight,LW/RW,L.A/MTL,80,9,7,69152,14.4
412,20.07.1993,Karlstad,SWE,SWE,75,220,Klefbom,Oscar,D,EDM,82,12,26,110061,22.37
413,13.12.1984,Kitchener,CAN,CAN,73,206,Klein,Kevin,D,NYR,60,3,11,63490,17.63
414,14.08.1992,Gothenburg,SWE,SWE,74,180,Klingberg,John,D,DAL,80,13,36,112108,23.35
415,18.02.1994,Winchester,CAN,CAN,74,193,Koekkoek,Slater,D,T.B,29,0,4,22592,12.98
416,12.03.1983,Turku,FIN,FIN,75,215,Koivu,Mikko,C,MIN,80,18,40,91753,19.12
417,23.01.1987,Narva,EST,FIN,71,210,Komarov,Leo,C/LW,TOR,82,14,18,84002,16.97
418,11.03.1997,London,CAN,CAN,70,175,Konecny,Travis,C/LW,PHI,70,11,17,59180,14.08
419,24.08.1987,Jesenice,SVN,SVN,75,224,Kopitar,Anze,C,L.A,76,12,40,94694,20.77
420,28.07.1986,Turku,FIN,FIN,73,193,Korpikoski,Lauri,LW/RW,CBJ/DAL,69,8,12,51364,12.4
421,14.04.1993,Kaunianen,FIN,FIN,71,175,Kossila,Kalle,LW/C,ANA,1,0,0,414,6.9
422,30.04.1991,Boxford,USA,USA,75,228,Kreider,Chris,LW/C,NYR,75,28,25,76522,17
423,28.04.1986,Sternberk,CZE,CZE,72,186,Krejci,David,C,BOS,82,23,31,89860,18.17
424,12.01.1981,Stockholm,SWE,SWE,72,194,Kronwall,Niklas,D,DET,57,2,11,66530,19.45
425,12.04.1991,Livonia,USA,USA,69,186,Krug,Torey,D,BOS,81,8,43,104979,21.47
426,27.05.1990,Stockholm,SWE,SWE,72,186,Kruger,Marcus,C,CHI,70,5,12,58886,14.02
427,17.06.1993,Maykop,RUS,RUS,71,178,Kucherov,Nikita,RW,T.B,74,40,45,86320,19.43
428,21.01.1992,Landshut,DEU,DEU,74,196,Kuhnhackl,Tom,RW,PIT,57,4,12,36425,10.65
429,06.01.1994,Edmonton,CAN,CAN,74,187,Kulak,Brett,D,CGY,21,0,3,17945,14.25
430,14.07.1986,Magnitogorsk,RUS,RUS,73,225,Kulemin,Nikolay,LW/RW,NYI,72,12,11,59691,13.82
431,29.10.1990,Lipetsk,RUS,RUS,73,204,Kulikov,Dmitry,D,BUF,47,2,3,61766,21.9
432,26.09.1979,Regina,CAN,CAN,72,195,Kunitz,Chris,LW,PIT,71,9,20,66088,15.52
433,20.01.1993,Dublin,USA,USA,74,205,Kuraly,Sean,C,BOS,8,0,1,4416,9.2
434,19.05.1992,Chelyabinsk,RUS,RUS,74,192,Kuznetsov,Evgeny,C/LW,WSH,82,19,40,83410,16.95
435,12.12.1995,Brooklyn,USA,USA,71,185,Labanc,Kevin,RW,S.J,55,8,12,45139,13.68
436,16.04.1993,Burnsville,USA,USA,77,210,Labate,Joseph,C,VAN,13,0,0,5276,6.77
437,12.12.1985,Maple Ridge,CAN,CAN,75,200,Ladd,Andrew,LW,NYI,78,23,8,75702,16.18
438,06.09.1992,Grand Forks,USA,USA,74,201,Ladue,Paul,D,L.A,22,0,8,20335,15.4
439,19.04.1998,Tampere,FIN,FIN,77,206,Laine,Patrik,RW,WPG,73,36,28,78457,17.92
440,24.04.1991,Sundsvall,SWE,SWE,72,184,Lander,Anton,C/LW/RW,EDM,22,1,3,12902,9.77
441,23.11.1992,Stockholm,SWE,SWE,73,215,Landeskog,Gabriel,LW,COL,72,18,15,81136,18.78
442,01.11.1992,Geneva,USA,USA,73,174,Lappin,Nick,RW,N.J,43,4,3,30240,11.78
443,30.07.1996,Waterford,USA,USA,73,190,Larkin,Dylan,C/LW,DET,80,17,15,77534,16.15
444,07.12.1989,Esbjerg,DNK,DNK,73,185,Larsen,Philip,D,VAN,26,1,5,25675,16.47
445,12.11.1992,Skellefteå,SWE,SWE,75,215,Larsson,Adam,D,EDM,79,4,15,95509,20.12
446,29.04.1997,Ljungby,SWE,SWE,74,191,Larsson,Jacob,D,ANA,4,0,0,3943,16.43
447,25.07.1992,Lau,SWE,SWE,71,200,Larsson,Johan,C/LW,BUF,36,6,5,36401,16.85
448,16.07.1990,Albany,USA,USA,75,221,Lashoff,Brian,D,DET,5,0,0,3754,12.52
449,30.05.1994,Oakville,CAN,CAN,73,190,Laughton,Scott,C/LW,PHI,2,0,0,1229,10.25
450,02.02.1995,Salmon Arm,CAN,CAN,72,209,Lazar,Curtis,C/RW,CGY/OTT,37,1,3,20277,9.13
451,20.03.1991,Eden Prairie,USA,USA,72,199,Leddy,Nick,D,NYI,81,11,35,110410,22.72
452,03.07.1990,Edina,USA,USA,75,228,Lee,Anders,LW/C,NYI,81,34,18,75759,15.58
453,04.07.1995,Piikkio,FIN,FIN,72,182,Lehkonen,Artturi,LW,MTL,73,18,10,60702,13.87
454,23.12.1987,Helsinki,FIN,FIN,74,212,Lehtera,Jori,C,STL,64,7,15,58273,15.18
455,15.02.1994,Saskatoon,CAN,CAN,70,174,Leier,Taylor,LW,PHI,10,1,1,5436,9.07
456,26.05.1993,Innisfil,CAN,CAN,74,205,Leivo,Josh,LW,TOR,13,2,8,9808,12.57
457,24.09.1995,Winnipeg,CAN,CAN,76,213,Lernout,Brett,D,MTL,2,0,0,2279,19
458,24.04.1987,Montreal,CAN,CAN,72,201,Letang,Kris,D,PIT,41,5,29,62774,25.52
459,04.02.1985,Elk Point,CAN,CAN,70,197,Letestu,Mark,C/RW,EDM,78,16,19,66630,14.23
460,08.01.1987,Salt Lake City,USA,USA,73,201,Lewis,Trevor,C/RW/LW,L.A,82,12,12,70224,14.27
461,16.02.1989,Toronto,CAN,CAN,70,203,Liambas,Mike,LW,NSH,1,0,0,282,4.7
462,25.11.1980,Indianapolis,USA,USA,70,185,Liles,John-Michael,D,BOS,36,0,5,35007,16.22
463,29.10.1991,Skellefteå,SWE,SWE,73,202,Lindberg,Oscar,C,NYR,65,8,12,42235,10.83
464,23.09.1993,Helsinki,FIN,FIN,75,198,Lindbohm,Petteri,D,STL,7,0,0,5453,12.98
465,23.05.1994,Vantaa,FIN,FIN,75,215,Lindell,Esa,D,DAL,73,6,12,95795,21.87
466,29.11.1994,Skellefteå,SWE,SWE,71,191,Lindholm,Anton,D,COL,12,0,0,10621,14.77
467,02.12.1994,Boden,SWE,SWE,73,192,Lindholm,Elias,C/RW,CAR,72,11,34,78543,18.18
468,20.01.1994,Helsingborg,SWE,SWE,75,205,Lindholm,Hampus,D,ANA,66,6,14,88900,22.45
469,12.11.1987,Edmonton,CAN,CAN,72,191,Little,Bryan,C/RW,WPG,59,21,26,62152,17.55
470,03.07.1990,Oakville,CAN,CAN,69,170,Lorito,Matt,LW/RW,DET,2,0,1,1732,14.43
471,20.02.1984,Concord,USA,USA,73,206,Lovejoy,Ben,D,N.J,82,1,6,102209,20.8
472,29.03.1993,St. Louis,USA,USA,77,210,Lowry,Adam,C/LW,WPG,82,15,14,78962,16.05
473,07.06.1988,Vancouver,CAN,CAN,75,236,Lucic,Milan,LW,EDM,82,23,27,84435,17.17
474,06.01.1992,Tver,RUS,RUS,74,207,Lyubimov,Roman,LW,PHI,47,4,2,27011,9.58
475,22.08.1994,Jyväskylä,FIN,FIN,74,206,Maatta,Olli,D,PIT,55,1,6,59611,18.07
476,06.04.1985,Lloydminster,CAN,CAN,72,192,MacArthur,Clarke,LW,OTT,4,0,0,3237,13.48
477,07.09.1986,Judique,CAN,CAN,73,204,MacDonald,Andrew,D,PHI,73,2,16,88074,20.1
478,11.06.1981,Sudbury,CAN,CAN,71,181,MacKenzie,Derek,C/LW,FLA,82,6,10,61819,12.57
479,01.09.1995,Halifax,CAN,CAN,72,205,MacKinnon,Nathan,C/RW,COL,82,16,37,98124,19.95
480,18.01.1997,Olten,CHE,CHE,69,177,Malgin,Denis,C,FLA,47,6,4,31692,11.23
481,31.07.1986,Magnitogorsk,RUS,RUS,75,195,Malkin,Evgeni,C/RW,PIT,62,33,39,69263,18.62
482,30.04.1995,Buffalo,USA,USA,72,190,Malone,Sean,C,BUF,1,0,0,732,12.2
483,04.06.1990,Prince George,CAN,CAN,73,205,Manning,Brandon,D,PHI,65,3,9,70419,18.05
484,07.10.1991,Hinsdale,USA,CAN,75,215,Manson,Josh,D,ANA,82,5,12,91639,18.63
485,16.09.1994,Longueuil,CAN,CAN,77,221,Mantha,Anthony,RW,DET,60,17,19,57246,15.88
486,11.05.1988,Halifax,CAN,CAN,69,181,Marchand,Brad,LW/C,BOS,80,39,46,93295,19.35
487,02.01.1992,Moscow,RUS,RUS,75,210,Marchenko,Alexey,D,DET/TOR,41,1,7,41700,16.95
488,27.12.1990,Cap-Rouge,CAN,CAN,69,174,Marchessault,Jonathan,C,FLA,75,30,21,76099,16.92
489,18.02.1992,Kosice,SVK,SVK,76,210,Marincin,Martin,D,TOR,25,1,6,27071,18.05
490,20.12.1978,Voskresensk,RUS,RUS,72,200,Markov,Andrei,D,MTL,62,6,30,81230,21.83
491,15.09.1979,Aneroid,CAN,CAN,74,215,Marleau,Patrick,LW/C,S.J,82,27,19,84416,17.18
492,05.05.1997,Markham,CAN,CAN,72,170,Marner,Mitchell,C/RW,TOR,77,19,42,77663,16.73
493,23.04.1988,St. Louis,USA,USA,75,227,Maroon,Patrick,LW,EDM,81,27,15,81345,16.73
494,08.05.1989,Windsor,CAN,CAN,75,220,Martin,Matt,LW/RW,TOR,82,5,4,43776,8.85
495,05.03.1981,Minneapolis,USA,USA,73,200,Martin,Paul,D,S.J,81,4,22,93441,19.23
496,26.07.1987,Rochester Hills,USA,USA,73,212,Martinez,Alec,D,L.A,82,9,30,106475,21.63
497,25.07.1992,Brandon,CAN,CAN,72,202,Martinook,Jordan,LW/C,ARI,77,11,14,72438,15.68
498,13.06.1990,Bærum,NOR,NOR,75,220,Martinsen,Andreas,LW/C,COL/MTL,64,3,4,38220,9.95
499,27.02.1994,Pointe-Claire,CAN,CAN,74,192,Matheson,Michael,D,FLA,81,7,10,102317,21.05
500,17.09.1997,Scottsdale,USA,USA,75,216,Matthews,Auston,C,TOR,82,40,29,86745,17.53
501,19.02.1988,Mississauga,CAN,CAN,76,231,Matthias,Shawn,LW/C,WPG,45,8,4,36612,13.57
502,14.10.1992,St. Louis,USA,USA,76,224,Mayfield,Scott,D,NYI,25,2,7,21210,14.13
503,25.02.1988,Edina,USA,USA,73,180,McBain,Jamie,D,ARI,3,0,0,3000,16.67
504,12.10.1993,Eau Claire,USA,USA,73,209,McCabe,Jake,D,BUF,76,3,17,94415,20.7
505,31.05.1996,Stratford,CAN,CAN,73,198,McCann,Jared,C,FLA,29,1,6,20245,11.63
506,07.03.1995,Grosse Pointe,USA,USA,78,231,McCarron,Michael,RW/C,MTL,31,1,4,18393,9.88
507,02.03.1983,Kingston,CAN,CAN,73,205,McClement,Jay,C,CAR,65,5,3,44392,11.38
508,01.05.1992,De Pere,USA,USA,71,188,McCormick,Max,RW/LW/C,OTT,7,0,0,2839,6.77
509,05.08.1995,Anaheim,USA,USA,75,217,McCoshen,Ian,D,FLA,3,0,1,2386,13.25
510,13.01.1997,Richmond Hill,CAN,CAN,73,200,McDavid,Connor,C,EDM,82,30,70,103967,21.13
511,13.06.1989,St. Paul,USA,USA,73,216,McDonagh,Ryan,D,NYR,77,6,36,112530,24.35
512,30.09.1984,Wethersfield,USA,USA,74,219,McDonald,Colin,RW/C,PHI,3,1,0,1624,9.02
513,22.05.1994,Hamilton,CAN,CAN,74,203,McEneny,Evan,D,VAN,1,0,0,908,15.13
514,02.02.1994,Fergus,CAN,CAN,72,185,McGinn,Brock,LW,CAR,57,7,9,41031,12
515,05.08.1988,Fergus,CAN,CAN,73,205,McGinn,Jamie,LW/RW,ARI,72,9,8,56906,13.17
516,20.04.1992,Winnipeg,CAN,CAN,77,236,McIlrath,Dylan,D,FLA/NYR,6,1,0,3426,9.52
517,17.06.1992,St. Thomas,CAN,CAN,72,191,McKegg,Greg,C,FLA/T.B,46,3,4,27331,9.9
518,22.02.1991,Golden,CAN,CAN,74,205,McKenzie,Curtis,LW,DAL,53,6,10,34509,10.85
519,26.06.1984,Binscarth,CAN,CAN,74,210,McLeod,Cody,LW/RW,COL/NSH,59,5,1,25366,7.17
520,21.01.1991,Davidson,CAN,CAN,76,212,McNabb,Brayden,D,L.A,49,2,2,44292,15.07
521,22.02.1993,Langley,CAN,CAN,74,214,McNeill,Mark,C/RW,DAL,1,0,0,829,13.82
522,12.10.1986,Charlottetown,CAN,CAN,76,212,Mcquaid,Adam,D,BOS,77,2,8,84300,18.12
523,22.07.1990,Canton,USA,USA,73,192,Megan,Wade,C,STL,3,1,0,1584,8.8
524,10.12.1992,Plantation,USA,USA,78,225,Megna,Jaycob,D,ANA,1,0,0,920,15.33
525,01.02.1990,Fort Lauderdale,USA,USA,73,195,Megna,Jayson,C,VAN,58,4,4,43271,12.43
526,08.10.1996,Herisau,CHE,CHE,72,210,Meier,Timo,RW,S.J,34,3,3,25446,12.47
527,06.12.1991,Richmond Hill,CAN,CAN,77,214,Melchiori,Julian,D,WPG,18,0,2,19837,18.37
528,03.02.1992,Oklahoma City,USA,USA,75,205,Merrill,Jon,D,N.J,51,1,5,56813,18.75
529,21.06.1985,Ottawa,CAN,CAN,75,220,Methot,Marc,D,OTT,68,0,12,80877,19.82
530,07.12.1984,Jindrichuv Hradec,CZE,CZE,74,225,Michalek,Milan,LW/RW,TOR,5,1,1,4281,14.27
531,23.12.1982,Jindrichuv Hradec,CZE,CZE,74,210,Michalek,Zbynek,D,ARI,3,0,0,3179,17.67
532,12.05.1996,Massapequa,USA,USA,74,197,Milano,Sonny,LW,CBJ,4,0,0,2804,11.68
533,29.10.1992,Sault Ste. Marie,CAN,CAN,73,196,Miller,Colin,D,BOS,61,6,7,57886,15.73
534,17.02.1984,Dover,USA,USA,74,183,Miller,Drew,LW/RW,DET,55,5,2,33929,10.28
535,14.03.1993,East Palestine,USA,USA,73,206,Miller,J.T.,LW/RW/C,NYR,82,22,34,80523,16.37
536,15.11.1987,Los Angeles,USA,USA,74,210,Miller,Kevan,D,BOS,58,3,10,61927,17.7
537,02.09.1991,Regina,CAN,CAN,71,198,Mitchell,Garrett,RW,WSH,1,0,0,528,8.8
538,22.01.1985,Oakville,CAN,CAN,73,204,Mitchell,John,C,COL,65,3,4,48960,12.55
539,30.01.1985,Greenfield Park,CAN,CAN,71,190,Mitchell,Torrey,C/RW,MTL,78,8,9,58992,12.6
540,07.01.1993,Orangeville,CAN,CAN,73,184,Mitchell,Zack,RW,MIN,11,0,0,5561,8.43
541,21.01.1994,TRENTON,USA,USA,71,171,Molino,Griffen,C,VAN,5,0,0,3176,10.58
542,12.10.1994,Brampton,CAN,CAN,75,195,Monahan,Sean,C,CGY,82,27,31,86478,17.58
543,11.04.1994,Brantford,CAN,CAN,72,192,Montour,Brandon,D,ANA,27,2,4,28157,17.38
544,03.08.1980,Thornhill,CAN,CAN,72,192,Moore,Dominic,C/LW,BOS,82,11,14,63673,12.88
545,19.11.1990,Winnetka,USA,USA,75,210,Moore,John,D,N.J,63,12,10,71731,18.85
546,12.07.1995,Lac-Beauport,CAN,CAN,78,202,Morin,Samuel,D,PHI,1,0,0,1067,17.78
547,28.03.1995,Calgary,CAN,CAN,72,195,Morrissey,Josh,D,WPG,82,6,14,95896,19.48
548,09.12.1992,Edmonton,CAN,CAN,72,199,Morrow,Joe,D,BOS,17,0,1,15836,15.53
549,10.03.1995,St. Clair,USA,USA,69,188,Motte,Tyler,LW/C,CHI,33,4,3,22546,11.38
550,01.11.1983,North York,CAN,CAN,73,200,Moulson,Matt,LW,BUF,81,14,18,56408,11.6
551,21.03.1995,Winterthur,CHE,CHE,75,210,Mueller,Mirco,D,S.J,4,1,1,2302,9.3
552,26.03.1993,Dublin,USA,USA,76,212,Murphy,Connor,D,ARI,77,2,15,88604,19.18
553,31.03.1993,Aurora,CAN,CAN,71,185,Murphy,Ryan,D,CAR,27,0,2,21339,13.17
554,27.09.1993,Regina,CAN,CAN,73,211,Murray,Ryan,D,CBJ,60,2,9,65999,18.33
555,21.02.1989,Woodstock,CAN,CAN,75,216,Muzzin,Jake,D,L.A,82,9,19,109688,22.3
556,01.02.1990,Houston,USA,CAN,80,229,Myers,Tyler,D,WPG,11,2,3,14657,22.2
557,30.12.1987,Hradec Králové,CZE,CZE,74,212,Nakladal,Jakub,D,CAR,3,0,0,2610,14.5
558,22.11.1992,Zhukovskiy,RUS,RUS,71,180,Namestnikov,Vladislav,C/LW,T.B,74,10,18,65645,14.78
559,16.06.1984,Brampton,CAN,CAN,76,212,Nash,Rick,RW/LW,NYR,67,23,15,66186,16.47
560,09.05.1989,Consort,CAN,CAN,73,200,Nash,Riley,C/RW,BOS,81,7,10,67094,13.73
561,03.09.1987,Whitby,CAN,CAN,74,221,Neal,James,RW/LW,NSH,70,23,18,74312,17.7
562,18.06.1979,Flesherton,CAN,CAN,73,209,Neil,Chris,RW,OTT,53,1,3,24077,7.57
563,15.10.1991,Warroad,USA,USA,75,206,Nelson,Brock,C/LW,NYI,81,20,25,76050,15.65
564,18.07.1992,Wisconsin Rapids,USA,USA,73,190,Nelson,Casey,D,BUF,11,0,0,8319,12.6
565,08.02.1992,Stockholm,SWE,SWE,75,215,Nemeth,Patrik,D,DAL,40,0,3,37869,15.78
566,18.05.1990,Roseau,USA,USA,70,184,Ness,Aaron,D,WSH,2,0,0,1540,12.83
567,28.03.1993,Chelyabinsk,RUS,RUS,71,191,Nesterov,Nikita,D,MTL/T.B,48,4,13,46901,16.28
568,22.02.1991,Prague,CZE,CZE,75,200,Nestrasil,Andrej,C/RW/LW,CAR,19,1,4,12430,10.9
569,08.09.1992,Chur,CHE,CHE,74,211,Niederreiter,Nino,RW,MIN,82,25,32,74153,15.07
570,24.04.1984,Herning,DNK,DNK,73,188,Nielsen,Frans,C,DET,79,17,24,81281,17.15
571,05.11.1992,Long Beach,USA,USA,71,190,Nieto,Matt,LW/RW,COL/S.J,59,7,6,52834,14.83
572,23.01.1994,Syracuse,USA,USA,75,219,Nieves,Cristoval,C/LW,NYR,1,0,0,704,11.73
573,06.12.1986,Virginia,USA,USA,73,200,Niskanen,Matt,D,WSH,78,5,34,103784,22.18
574,12.02.1993,Plano,USA,USA,73,205,Noesen,Stefan,RW,ANA/N.J,44,8,2,29371,11.13
575,27.05.1996,Saskatoon,CAN,CAN,74,191,Nogier,Nelson,D,WPG,10,0,0,7028,11.72
576,23.06.1989,"Garden River, First Nations",CAN,CAN,75,219,Nolan,Jordan,C/LW/RW,L.A,46,4,4,29962,10.85
577,25.02.1992,Stockholm,SWE,SWE,73,189,Nordstrom,Joakim,LW/C,CAR,82,7,5,62576,12.72
578,01.09.1992,Pardubice,CZE,CZE,75,210,Nosek,Tomas,LW/C,DET,11,1,0,6682,10.12
579,12.04.1993,Burnaby,CAN,CAN,72,196,Nugent-Hopkins,Ryan,C,EDM,82,18,25,87045,17.67
580,04.02.1995,Hamilton,CAN,CAN,76,220,Nurse,Darnell,D,EDM,44,5,6,44927,17.02
581,06.06.1994,Oulu,FIN,FIN,73,186,Nutivaara,Markus,D,CBJ,66,2,5,52322,13.22
582,02.03.1998,Calgary,CAN,CAN,73,180,Nylander,Alex,RW/LW,BUF,4,0,1,2959,12.33
583,01.05.1996,Calgary,CAN,SWE,72,190,Nylander,William,C/RW,TOR,81,22,39,77820,15.92
584,01.09.1989,Halmstad,SWE,SWE,71,184,Nyquist,Gustav,RW/C/LW,DET,76,12,36,79502,17.42
585,29.07.1994,Halifax,CAN,CAN,73,215,O'Brien,Liam,C/LW,WSH,1,0,0,368,6.13
586,06.07.1993,Massapequa,USA,USA,76,207,O'Gara,Rob,D,BOS,3,0,0,2882,16.02
587,30.01.1994,Berlin,DEU,USA,69,180,O'Regan,Daniel,C/LW,S.J,3,1,0,2079,9.32
588,30.09.1986,Toronto,CAN,CAN,72,193,O'Reilly,Cal,C,BUF,11,0,1,5235,7.93
589,07.02.1991,Clinton,CAN,CAN,73,210,O'Reilly,Ryan,C/LW/RW,BUF,72,20,35,92700,21.47
590,01.10.1981,Stockholm,SWE,SWE,72,195,Oduya,Johnny,D,CHI/DAL,52,2,7,57011,18.27
591,25.06.1992,Dearborn Heights,USA,USA,72,182,Oesterle,Jordan,D,EDM,2,0,0,2074,17.28
592,16.04.1988,St. Paul,USA,USA,72,218,Okposo,Kyle,RW,BUF,65,19,26,73983,18.97
593,21.12.1992,Toronto,CAN,CAN,79,255,Oleksiak,Jamie,D,DAL,41,5,2,39878,16.22
594,04.02.1986,Chesterfield,USA,USA,72,190,Oleksy,Steve,D,PIT,11,0,1,9040,13.7
595,01.12.1994,Boras,SWE,SWE,75,195,Olofsson,Gustav,D,MIN,13,0,3,10516,13.48
596,23.07.1991,Novokuznetsk,RUS,RUS,71,212,Orlov,Dmitry,D,WSH,82,6,27,96107,19.53
597,26.09.1980,San Francisco,USA,USA,75,219,Orpik,Brooks,D,WSH,79,0,14,84306,17.78
598,23.12.1986,Everett,USA,USA,72,189,Oshie,T.J.,RW/C,WSH,68,33,23,72848,17.85
599,19.08.1982,Summerside,CAN,CAN,72,193,Ott,Steve,C/LW,DET/MTL,53,3,4,34229,10.77
600,29.07.1993,Bayonne,FRA,FRA,73,208,Ouellet,Xavier,D,DET,66,3,9,71173,17.97
601,17.09.1985,Moscow,RUS,RUS,75,239,Ovechkin,Alex,LW/RW,WSH,82,33,36,90361,18.37
602,12.04.1991,Norrkoping,SWE,SWE,75,203,Paajarvi,Magnus,LW,STL,32,8,5,23339,12.17
603,20.11.1988,New Canaan,USA,USA,74,215,Pacioretty,Max,LW,MTL,81,35,32,93198,19.18
604,11.11.1992,Ottawa,CAN,CAN,70,180,Pageau,Jean-Gabriel,C,OTT,82,12,21,79363,16.12
605,25.08.1991,Loviisa,FIN,FIN,73,209,Pakarinen,Iiro,RW,EDM,14,2,2,7496,8.92
606,28.03.1991,Frydek-Mistek,CZE,CZE,72,188,Palat,Ondrej,LW,T.B,75,17,35,86028,19.12
607,01.02.1991,Smithtown,USA,USA,70,185,Palmieri,Kyle,RW/C/LW,N.J,80,26,27,83275,17.35
608,30.10.1991,Korkino,RUS,RUS,71,170,Panarin,Artemi,LW/C,CHI,82,31,43,95798,19.47
609,07.02.1991,Martin,SVK,SVK,73,208,Panik,Richard,RW/LW,CHI,82,22,22,72490,14.75
610,13.08.1993,Gaspe,CAN,CAN,73,198,Paquette,Cedric,C/LW,T.B,58,4,6,40102,11.52
611,12.05.1993,St. Albert,CAN,CAN,78,226,Parayko,Colton,D,STL,81,4,31,103018,21.2
612,29.03.1984,Bonavista,CAN,CAN,76,227,Pardy,Adam,D,NSH,4,0,0,2638,11
613,24.03.1983,Hull,CAN,CAN,72,200,Parenteau,PA,RW,N.J/NSH,67,13,15,59084,14.55
614,28.07.1984,Minneapolis,USA,USA,71,196,Parise,Zach,LW,MIN,69,19,23,72156,17.43
615,25.05.1996,Havirov,CZE,CZE,72,181,Pastrnak,David,RW/LW,BOS,75,34,36,80921,17.87
616,20.06.1990,Sterling Heights,USA,USA,75,221,Pateryn,Greg,D,DAL/MTL,36,1,8,33312,15.42
617,20.03.1995,Mississauga,CAN,CAN,76,230,Paul,Nick,LW/C,OTT,1,0,0,989,16.48
618,11.07.1984,Plover,USA,USA,71,190,Pavelski,Joe,C/RW,S.J,81,29,39,92910,19.13
619,10.08.1992,Kitchener,CAN,CAN,73,204,Pearson,Tanner,LW,L.A,80,24,20,78336,16.32
620,27.04.1993,Petawawa,CAN,CAN,68,178,Peca,Matthew,C,T.B,10,1,1,6867,11.45
621,16.08.1994,Toronto,CAN,CAN,75,210,Pelech,Adam,D,NYI,44,3,7,44442,16.83
622,27.04.1996,Guildford,GBR,GBR,75,211,Perlini,Brendan,LW,ARI,57,14,7,50747,14.83
623,05.01.1988,Drummondville,CAN,CAN,70,188,Perreault,Mathieu,C/LW,WPG,65,13,32,63525,16.28
624,28.05.1988,Sherbrooke,CAN,CAN,72,200,Perron,David,LW/RW,STL,82,18,28,85106,17.3
625,16.05.1985,Peterborough,CAN,CAN,75,210,Perry,Corey,RW,ANA,82,19,34,87162,17.72
626,15.11.1994,Tarrytown,USA,USA,75,200,Pesce,Brett,D,CAR,82,2,18,104325,21.2
627,22.03.1995,Delta,CAN,CAN,69,179,Petan,Nic,LW/C,WPG,54,1,12,35316,10.9
628,03.03.1992,Edmonton,CAN,CAN,76,206,Petrovic,Alex,D,FLA,49,1,13,53361,18.15
629,09.12.1987,Ann Arbor,USA,USA,75,204,Petry,Jeff,D,MTL,80,8,20,106152,22.12
630,10.04.1985,Edmonton,CAN,CAN,75,219,Phaneuf,Dion,D,OTT,81,9,21,111982,23.03
631,20.02.1993,Milford,USA,USA,71,200,Pietila,Blake,LW/C,N.J,10,0,1,7822,12.5
632,18.01.1990,King City,CAN,CAN,75,205,Pietrangelo,Alex,D,STL,80,14,34,121353,25.28
633,10.04.1991,Toronto,CAN,CAN,72,186,Pirri,Brandon,RW/LW/C,NYR,60,8,10,44198,12.28
634,01.11.1991,Minneapolis,USA,USA,74,202,Pitlick,Tyler,RW/C,EDM,31,8,3,18459,9.92
635,31.10.1982,Kladno,CZE,CZE,71,196,Plekanec,Tomas,C,MTL,78,10,18,78712,16.82
636,13.03.1996,Calgary,CAN,CAN,70,166,Point,Brayden,C,T.B,68,18,22,69898,17.13
637,28.04.1986,Ostrava,CZE,CZE,74,235,Polak,Roman,D,TOR,75,4,7,80643,17.83
638,30.11.1982,Repentigny,CAN,USA,72,181,Pominville,Jason,RW,MIN,78,13,34,66579,14.23
639,12.03.1986,Detroit,USA,USA,71,191,Porter,Kevin,C,PIT,2,0,0,1350,11.25
640,22.02.1989,Red Deer,CAN,CAN,75,195,Postma,Paul,D,WPG,65,1,13,42332,10.85
641,14.01.1994,Williamsville,USA,USA,70,180,Poturalski,Andrew,C,CAR,2,0,0,1472,12.27
642,29.09.1986,Alfred,CAN,CAN,75,204,Pouliot,Benoit,LW,EDM,67,8,6,56497,14.05
643,16.01.1994,Estevan,CAN,CAN,72,208,Pouliot,Derrick,D,PIT,11,0,0,9824,14.88
644,16.11.1992,Rochester,USA,USA,71,185,Prince,Shane,LW/C,NYI,50,5,13,38912,12.97
645,07.05.1986,Elk River,USA,USA,74,201,Prosser,Nate,D,MIN,39,2,5,29789,12.72
646,13.03.1990,Kingsville,CAN,CAN,75,229,Prout,Dalton,D,CBJ/N.J,29,0,6,24302,13.97
647,13.01.1997,Yaroslavl,RUS,RUS,73,201,Provorov,Ivan,D,PHI,82,6,24,108132,21.98
648,24.01.1993,Windsor,CAN,CAN,73,205,Puempel,Matt,LW,NYR/OTT,40,6,3,23145,9.65
649,07.05.1998,Alvkarleby,SWE,FIN,76,203,Puljujarvi,Jesse,RW,EDM,28,1,7,18907,11.25
650,02.01.1992,Vantaa,FIN,FIN,70,185,Pulkkinen,Teemu,LW,ARI/MIN,13,2,0,7411,9.5
651,06.10.1994,Dauphin,CAN,CAN,74,215,Pulock,Ryan,D,NYI,1,0,0,237,3.95
652,08.09.1985,St. John's,CAN,CAN,74,195,Purcell,Teddy,LW/RW,L.A,12,0,2,9282,12.9
653,14.02.1987,Thunder Bay,CAN,CAN,71,185,Pyatt,Tom,LW/C,OTT,82,9,14,76887,15.63
654,11.01.1992,Sherwood Park,CAN,CAN,73,200,Pysyk,Mark,D,FLA,82,4,13,91319,18.57
655,16.04.1996,Edmonton,CAN,CAN,73,195,Quenneville,John,C,N.J,12,1,3,9863,13.7
656,12.08.1985,Kitchener,CAN,CAN,74,216,Quincey,Kyle,D,CBJ/N.J,73,6,9,78375,17.8
657,25.02.1993,Belleville,CAN,CAN,72,200,Quine,Alan,C,NYI,61,5,13,45826,12.52
658,05.07.1986,Nizhny Tagil,RUS,RUS,74,205,Radulov,Alex,RW,MTL,76,18,36,83405,18.3
659,01.12.1988,Villach,AUT,AUT,72,200,Raffl,Michael,LW/C,PHI,52,8,3,41378,13.27
660,05.05.1993,Sundbyberg,SWE,SWE,74,201,Rakell,Rickard,C/RW,ANA,71,33,18,74065,17.38
661,29.10.1996,Nousiainen,FIN,FIN,76,211,Rantanen,Mikko,RW,COL,75,20,18,81262,18.03
662,01.03.1993,Leksand,SWE,SWE,74,200,Rask,Victor,C,CAR,82,16,29,85088,17.3
663,03.07.1990,Vasteras,SWE,SWE,75,205,Rasmussen,Dennis,C,CHI,68,4,4,48254,11.83
664,05.02.1993,Calgary,CAN,CAN,72,195,Rattie,Ty,RW,CAR/STL,9,0,2,5799,10.73
665,24.10.1992,Eden Prairie,USA,USA,68,178,Rau,Kyle,C,FLA,24,2,1,13824,9.6
666,17.09.1985,Cochrane,CAN,CAN,73,179,Raymond,Mason,LW,ANA,4,0,0,2138,8.92
667,14.06.1986,Ilderton,CAN,CAN,70,185,Read,Matt,RW/LW,PHI,63,10,9,52146,13.8
668,20.01.1987,Winnipeg,CAN,CAN,73,225,Reaves,Ryan,RW,STL,80,7,6,42648,8.88
669,26.07.1988,Traverse City,USA,USA,74,208,Redmond,Zach,D,MTL,16,0,5,11818,12.32
670,13.07.1993,Chicago,USA,USA,74,193,Reilly,Mike,D,MIN,17,1,0,12629,12.38
671,06.11.1995,West Vancouver,CAN,CAN,73,193,Reinhart,Sam,C,BUF,79,17,30,81609,17.22
672,25.03.1992,Zagreb,HRV,HRV,74,200,Rendulic,Borna,RW/C,VAN,1,0,0,291,4.85
673,01.06.1994,Pickering,CAN,CAN,74,205,Renouf,Dan,D,DET,1,0,0,815,13.58
674,10.02.1980,Montreal,CAN,CAN,72,179,Ribeiro,Mike,C,NSH,46,4,21,44077,15.97
675,06.04.1993,Markham,CAN,CAN,72,192,Richard,Tanner,C,T.B,3,0,0,2287,12.7
676,04.02.1985,Belleville,CAN,CAN,72,197,Richardson,Brad,RW/C,ARI,16,5,4,14732,15.35
677,10.01.1993,Landshut,DEU,DEU,71,185,Rieder,Tobias,RW/C,ARI,80,16,18,83103,17.32
678,09.03.1994,Vancouver,CAN,CAN,73,215,Rielly,Morgan,D,TOR,76,6,21,101089,22.05
679,27.10.1994,Turku,FIN,FIN,76,203,Ristolainen,Rasmus,D,BUF,79,6,39,125458,26.47
680,01.07.1993,Orangeville,CAN,CAN,75,215,Ritchie,Brett,RW,DAL,78,16,8,60355,12.9
681,05.12.1995,Orangeville,CAN,CAN,74,232,Ritchie,Nick,LW,ANA,77,14,14,59992,12.98
682,30.09.1991,Bellmawr,USA,USA,78,232,Robinson,Buddy,RW,OTT,4,0,0,1667,6.95
683,21.11.1990,Stockholm,SWE,SWE,71,185,Rodin,Anton,RW,VAN,3,0,1,1604,8.92
684,28.07.1993,Toronto,CAN,CAN,70,183,Rodrigues,Evan,LW/C,BUF,30,4,2,23265,12.93
685,21.05.1993,Canton,USA,USA,74,190,Rooney,Kevin,C,N.J,4,0,0,2445,10.18
686,29.01.1997,Columbus,USA,USA,73,187,Roslovic,Jack,C,WPG,1,0,0,504,8.4
687,21.11.1989,Roubaix,FRA,FRA,72,200,Roussel,Antoine,LW,DAL,60,12,15,55866,15.52
688,10.05.1989,Grand Prairie,CAN,CAN,74,200,Rowney,Carter,RW/C,PIT,27,3,4,17773,10.97
689,03.09.1978,Vlasim,CZE,CZE,73,210,Rozsival,Michal,D,CHI,22,1,2,20454,15.5
690,07.05.1990,San Diego,USA,USA,71,191,Ruhwedel,Chad,D,PIT,34,2,8,35366,17.33
691,02.05.1987,Caroline,CAN,CAN,70,170,Russell,Kris,D,EDM,68,1,12,86565,21.22
692,15.02.1993,Westmont,USA,USA,72,189,Russo,Robbie,D,DET,19,0,0,18319,16.07
693,11.05.1992,Pontiac,USA,USA,71,192,Rust,Bryan,RW,PIT,57,15,13,46636,13.63
694,17.03.1987,Cherry Hill,USA,USA,74,204,Ryan,Bobby,RW/LW,OTT,62,13,12,57801,15.53
695,29.12.1986,Spokane,USA,USA,71,170,Ryan,Derek,C,CAR,67,11,18,59864,14.88
696,27.10.1992,Pittsburgh,USA,USA,73,206,Saad,Brandon,LW/RW,CBJ,82,24,29,83786,17.03
697,09.03.1993,Raahe,FIN,FIN,71,203,Salomaki,Miikka,RW,NSH,5,0,0,3664,12.22
698,09.11.1994,Salem,USA,USA,76,203,Sanford,Zach,LW,STL/WSH,39,4,4,25370,10.85
699,07.03.1995,Bronxville,USA,USA,74,207,Santini,Steven,D,N.J,38,2,5,36670,16.1
700,22.10.1990,St. Hyacinthe,CAN,CAN,74,227,Savard,David,D,CBJ,74,6,17,96940,21.83
701,30.01.1990,Ozieri,ITA,CHE,74,209,Sbisa,Luca,D,VAN,82,2,11,93364,18.97
702,23.02.1990,Montreal,CAN,CAN,75,208,Scandella,Marco,D,MIN,71,4,9,78122,18.33
703,20.04.1989,Red Deer,CAN,CAN,72,195,Sceviour,Colton,C/RW,FLA,80,9,15,70241,14.63
704,16.11.1990,Merrimack,USA,USA,74,219,Schaller,Tim,C,BOS,59,7,7,43436,12.27
705,15.03.1993,Kitchener,CAN,CAN,75,207,Scheifele,Mark,C,WPG,79,32,50,97447,20.57
706,22.08.1991,Saskatoon,CAN,CAN,73,195,Schenn,Brayden,C/LW,PHI,79,25,30,84404,17.8
707,02.11.1989,Saskatoon,CAN,CAN,74,229,Schenn,Luke,D,ARI,78,1,7,84469,18.05
708,30.12.1995,Moscow,RUS,RUS,74,190,Scherbak,Nikita,RW,MTL,3,1,0,2048,11.38
709,07.05.1987,Edmonton,CAN,CAN,72,190,Schlemko,David,D,S.J,62,2,16,62297,16.62
710,08.10.1993,Madison,USA,USA,74,190,Schmaltz,Jordan,D,STL,9,0,2,7744,14.33
711,23.02.1996,Madison,USA,USA,72,177,Schmaltz,Nick,C/LW,CHI,61,6,22,48536,13.27
712,16.07.1991,St. Cloud,USA,USA,73,194,Schmidt,Nate,D,WSH,60,3,14,55723,15.48
713,26.08.1990,Williamsville,USA,USA,73,200,Schneider,Cole,LW/RW,BUF,4,0,1,1714,7.15
714,29.09.1990,Lakeville,USA,USA,69,184,Schroeder,Jordan,C/RW,MIN,37,6,7,21710,9.78
715,06.07.1990,Kelowna,CAN,CAN,74,193,Schultz,Justin,D,PIT,78,12,39,95699,20.45
716,25.08.1982,Strasbourg,CAN,CAN,73,203,Schultz,Nick,D,PHI,28,0,4,25627,15.25
717,25.06.1992,Wilcox,CAN,CAN,70,188,Schwartz,Jaden,LW/C,STL,78,19,36,88482,18.9
718,20.04.1985,Richmond,CAN,CAN,75,220,Seabrook,Brent,D,CHI,79,3,36,103767,21.88
719,26.09.1980,Ornskoldsvik,SWE,SWE,73,190,Sedin,Daniel,LW,VAN,82,15,29,90456,18.38
720,26.09.1980,Ornskoldsvik,SWE,SWE,74,183,Sedin,Henrik,C,VAN,82,15,35,93680,19.03
721,25.02.1993,Ceské Budejovice,CZE,CZE,72,203,Sedlak,Lukas,C/LW,CBJ,62,7,6,36170,9.72
722,31.01.1992,Brampton,CAN,CAN,73,200,Seguin,Tyler,C/RW,DAL,82,26,46,90826,18.47
723,18.07.1981,Schwenningen,DEU,DEU,72,198,Seidenberg,Dennis,D,NYI,73,5,17,85089,19.43
724,08.06.1986,Bojnice,SVK,SVK,72,198,Sekera,Andrej,D,EDM,80,8,27,103118,21.45
725,25.06.1998,Nizhnekamsk,RUS,RUS,75,215,Sergachev,Mikhail,D,MTL,4,0,0,2910,12.13
726,28.09.1987,Rome,USA,USA,77,228,Sestito,Tom,LW,PIT,13,0,2,4315,5.53
727,01.01.1987,Taber,CAN,CAN,72,205,Setoguchi,Devin,RW,L.A,45,4,8,33593,12.45
728,07.08.1994,Melville,CAN,CAN,74,205,Severson,Damon,D,N.J,80,3,28,97691,20.32
729,25.07.1992,Campbellville,CAN,CAN,72,186,Sgarbossa,Michael,C,ANA/FLA,38,2,7,25430,11.15
730,27.12.1981,Winnipeg,CAN,CAN,73,200,Sharp,Patrick,LW/RW/C,DAL,48,8,10,45917,15.95
731,29.01.1989,New Rochelle,USA,USA,72,209,Shattenkirk,Kevin,D,STL/WSH,80,13,43,95715,19.93
732,20.07.1991,Belleville,CAN,CAN,71,179,Shaw,Andrew,C/LW/RW,MTL,68,12,17,62023,15.2
733,05.10.1992,Glace Bay,CAN,CAN,75,202,Shaw,Logan,C/RW,ANA,55,3,7,32040,9.7
734,07.12.1991,St. Catharines,CAN,CAN,75,226,Sheahan,Riley,C,DET,80,2,11,67064,13.98
735,08.06.1992,Winchester,USA,USA,68,175,Sheary,Conor,LW,PIT,61,23,30,58332,15.93
736,13.10.1994,Calgary,CAN,CAN,70,181,Shinkaruk,Hunter,C/LW,CGY,7,0,1,4445,10.58
737,19.07.1994,Ajax,CAN,CAN,73,205,Shore,Devin,C,DAL,82,13,20,69547,14.13
738,29.01.1991,Denver,USA,USA,75,205,Shore,Drew,C,VAN,14,0,2,10051,11.97
739,26.09.1992,Denver,USA,USA,73,201,Shore,Nick,C,L.A,70,6,11,53712,12.78
740,07.09.1993,Edmonton,CAN,CAN,75,210,Siemens,Duncan,D,COL,3,0,0,2216,12.32
741,13.10.1990,Gävle,SWE,SWE,74,196,Silfverberg,Jakob,RW/LW,ANA,79,23,26,87616,18.48
742,26.08.1988,Scarborough,CAN,CAN,74,185,Simmonds,Wayne,RW/LW,PHI,82,31,23,93343,18.95
743,08.08.1994,Prague,CZE,CZE,71,176,Simon,Dominik,C,PIT,2,0,1,1565,13.05
744,10.02.1993,Edmonton,CAN,CAN,74,194,Simpson,Dillon,D,EDM,3,0,0,1959,10.88
745,05.11.1993,North Vancouver,CAN,CAN,73,200,Sissons,Colton,C,NSH,58,8,2,38708,11.12
746,19.05.1987,Madison,USA,USA,73,216,Skille,Jack,RW,VAN,55,5,4,29037,8.8
747,16.05.1992,Toronto,CAN,CAN,71,200,Skinner,Jeff,LW/C/RW,CAR,79,37,26,84081,17.73
748,26.03.1994,Lakeville,USA,USA,75,211,Skjei,Brady,D,NYR,80,5,34,83821,17.47
749,01.05.1994,Denver,USA,USA,74,205,Slavin,Jaccob,D,CAR,82,5,29,115316,23.43
750,13.05.1994,Penza,RUS,RUS,74,218,Slepyshev,Anton,LW,EDM,41,4,6,27342,11.12
751,11.07.1988,Winston-Salem,USA,USA,71,198,Smith,Ben,RW/C,COL/TOR,40,2,2,27519,11.47
752,08.02.1989,Mimico,CAN,CAN,74,211,Smith,Brendan,D,DET/NYR,51,3,6,58880,19.25
753,01.12.1994,Des Moines,USA,USA,71,185,Smith,C.J.,LW/RW,BUF,2,0,1,1384,11.53
754,05.09.1989,Madison,USA,USA,73,208,Smith,Craig,RW/LW/C,NSH,78,12,17,64692,13.82
755,16.04.1994,Toronto,CAN,CAN,70,190,Smith,Gemel,C,DAL,17,3,3,13857,13.58
756,01.04.1991,Toronto,CAN,CAN,72,185,Smith,Reilly,RW/C/LW,FLA,80,15,22,88096,18.35
757,08.02.1985,Ottawa,CAN,CAN,73,195,Smith,Trevor,C/RW,NSH,1,0,0,440,7.33
758,05.04.1988,Maple Creek,CAN,CAN,74,208,Smith,Zack,C,OTT,74,16,16,72721,16.38
759,14.06.1992,Scarborough,CAN,CAN,72,214,Smith-Pelly,Devante,RW/C/LW,N.J,53,4,5,42950,13.57
760,02.07.1987,Trebic,CZE,CZE,70,197,Sobotka,Vladimir,LW/C,STL,1,1,0,1001,16.68
761,12.10.1985,Malmö,SWE,SWE,75,210,Soderberg,Carl,C/LW,COL,80,6,8,64537,13.45
762,07.04.1992,Sodertalje,SWE,SWE,71,175,Sorensen,Marcus,RW/LW,S.J,19,1,3,12328,10.82
763,23.10.1994,Farevejle,DNK,DNK,73,182,Sorensen,Nick,RW,ANA,5,0,1,3267,10.88
764,14.10.1993,Nizhny Tagil,RUS,RUS,71,190,Soshnikov,Nikita,RW,TOR,56,5,4,36450,10.7
765,02.01.1997,Sault Ste. Marie,CAN,CAN,71,185,Speers,Blake,C,N.J,3,0,0,1707,9.48
766,13.06.1983,Toronto,CAN,CAN,75,210,Spezza,Jason,C,DAL,68,15,35,65977,16.17
767,30.01.1992,Ottawa,CAN,CAN,70,184,Spooner,Ryan,C/LW,BOS,78,12,28,65964,14.07
768,13.01.1993,Mississauga,CAN,CAN,76,211,Sproul,Ryan,D,DET,27,1,6,24539,15.15
769,29.11.1989,Edmonton,CAN,CAN,69,164,Spurgeon,Jared,D,MIN,76,10,28,109591,24.03
770,29.10.1984,Thunder Bay,CAN,CAN,76,208,Staal,Eric,C,MIN,82,28,37,91548,18.6
771,10.09.1988,Thunder Bay,CAN,CAN,76,220,Staal,Jordan,C/LW,CAR,75,16,29,83977,18.67
772,13.01.1987,Thunder Bay,CAN,CAN,76,209,Staal,Marc,D,NYR,72,3,7,82842,19.18
773,30.10.1985,Milwaukee,USA,USA,74,214,Stafford,Drew,RW/LW,BOS/WPG,58,8,13,47331,13.55
774,19.12.1983,Mississauga,CAN,CAN,73,195,Stajan,Matt,C,CGY,81,6,17,61631,12.68
775,17.01.1986,Gothenburg,SWE,SWE,75,209,Stalberg,Viktor,LW/RW,CAR/OTT,75,11,5,54903,12.2
776,07.02.1990,Markham,CAN,CAN,73,194,Stamkos,Steven,C,T.B,17,9,11,18234,17.87
777,27.12.1985,Quebec City,CAN,USA,72,202,Stastny,Paul,C,STL,66,18,22,75793,19.13
778,07.04.1994,Richmond,CAN,CAN,70,190,Stecher,Troy,D,VAN,71,3,21,85110,19.98
779,01.03.1984,Winnipeg,CAN,SWE,72,211,Steen,Alex,LW/C,STL,76,16,35,88034,19.3
780,04.02.1983,West Seneca,USA,USA,71,195,Stempniak,Lee,RW,CAR,82,16,24,77952,15.85
781,18.06.1990,Hastings,USA,USA,72,196,Stepan,Derek,C,NYR,81,17,38,90437,18.62
782,22.04.1994,Saskatoon,CAN,CAN,72,204,Stephenson,Chandler,C,WSH,4,0,0,2131,8.88
783,30.10.1987,Toronto,CAN,CAN,74,239,Stewart,Chris,RW/LW,MIN,79,13,8,49244,10.38
784,21.11.1987,Camrose,CAN,CAN,71,180,Stollery,Karl,D,N.J,11,0,3,11166,16.92
785,13.05.1992,Winnipeg,CAN,CAN,75,206,Stone,Mark,RW,OTT,71,22,32,79072,18.57
786,07.06.1990,Winnipeg,CAN,CAN,75,210,Stone,Michael,D,ARI/CGY,64,3,12,76099,19.82
787,19.02.1985,Port McNeill,CAN,CAN,76,216,Stoner,Clayton,D,ANA,14,1,2,14743,17.55
788,04.01.1988,Waltham,USA,USA,73,206,Strait,Brian,D,WPG,5,0,2,4779,15.93
789,01.08.1986,Tibro,SWE,SWE,71,190,Stralman,Anton,D,T.B,73,5,17,100304,22.9
790,13.02.1987,Coquitlam,CAN,CAN,71,199,Street,Ben,C,DET,6,0,1,2970,8.25
791,11.12.1977,Bern,CHE,CHE,71,191,Streit,Mark,D,PHI/PIT,68,6,21,76492,18.72
792,07.03.1997,Mississauga,CAN,CAN,75,185,Strome,Dylan,C,ARI,7,0,1,5747,13.68
793,11.07.1993,Mississauga,CAN,CAN,73,199,Strome,Ryan,RW/C,NYI,69,13,17,60476,14.6
794,27.04.1984,Rochester,USA,USA,74,215,Stuart,Mark,D,WPG,42,2,2,31385,12.45
795,13.05.1989,Toronto,CAN,CAN,72,210,Subban,P.K.,D,NSH,66,10,30,96640,24.4
796,23.03.1994,Boden,SWE,SWE,75,209,Sundqvist,Oskar,C,PIT,10,0,0,5504,9.17
797,29.11.1990,Plzen,CZE,CZE,79,220,Sustr,Andrej,D,T.B,80,3,11,84427,17.58
798,21.01.1985,Madison,USA,USA,74,206,Suter,Ryan,D,MIN,82,9,31,132469,26.93
799,14.02.1989,Huntington,USA,CAN,75,191,Sutter,Brandon,C,VAN,81,17,17,91382,18.8
800,31.10.1996,Yuzhno-Sakhalinsk,RUS,RUS,75,205,Svechnikov,Evgeny,RW/LW,DET,2,0,0,1577,13.15
801,31.12.1991,Toronto,CAN,CAN,72,180,Tanev,Brandon,LW/C/RW,WPG,51,2,2,32672,10.68
802,20.12.1989,Toronto,CAN,CAN,74,195,Tanev,Chris,D,VAN,53,2,8,64697,20.35
803,13.12.1991,Yaroslavl,RUS,RUS,72,219,Tarasenko,Vladimir,RW,STL,82,39,36,90872,18.47
804,01.12.1990,Ilava,SVK,SVK,70,185,Tatar,Tomas,LW/C/RW,DET,82,25,21,85004,17.28
805,20.09.1990,Mississauga,CAN,CAN,73,211,Tavares,John,C,NYI,77,28,38,94335,20.4
806,23.04.1990,Minneapolis,USA,USA,74,205,Tennyson,Matt,D,CAR,45,0,6,35874,13.28
807,11.09.1994,Helsinki,FIN,FIN,71,178,Teravainen,Teuvo,LW/C/RW,CAR,81,15,27,78927,16.23
808,07.04.1989,Brampton,CAN,CAN,70,195,Terry,Chris,LW/RW,MTL,14,2,2,8306,9.88
809,03.08.1995,Langley,CAN,CAN,74,195,Theodore,Shea,D,ANA,34,2,7,35319,17.32
810,05.10.1984,Anchorage,USA,USA,72,212,Thompson,Nate,C,ANA,30,1,1,18694,10.38
811,30.11.1988,Methuen,USA,USA,73,200,Thompson,Paul,RW,FLA,21,0,3,9954,7.9
812,16.01.1993,Brampton,CAN,CAN,75,205,Thomson,Ben,LW,N.J,3,0,0,1960,10.88
813,03.06.1983,Sault Ste. Marie,CAN,CAN,75,235,Thorburn,Chris,RW/LW,WPG,64,3,1,26789,6.98
814,02.07.1979,London,CAN,CAN,76,220,Thornton,Joe,C,S.J,79,7,43,85607,18.08
815,23.07.1977,Oshawa,CAN,CAN,74,217,Thornton,Shawn,LW,FLA,50,2,2,23069,7.68
816,01.07.1994,Keswick,CAN,CAN,73,195,Tierney,Chris,C,S.J,80,11,12,70098,14.63
817,11.12.1997,Scottsdale,USA,USA,74,202,Tkachuk,Matthew,LW,CGY,76,13,35,66854,14.67
818,29.04.1988,Winnipeg,CAN,CAN,74,201,Toews,Jonathan,C,CHI,72,21,37,87066,20.15
819,24.04.1992,Scarborough,CAN,CAN,72,201,Toffoli,Tyler,C/RW/LW,L.A,63,16,18,62694,16.58
820,03.02.1995,Moscow,RUS,RUS,68,170,Tolchinsky,Sergey,LW,CAR,2,0,1,1377,11.48
821,02.02.1983,Churchill,CAN,CAN,69,195,Tootoo,Jordin,RW,CHI,50,2,1,20241,6.75
822,11.07.1993,Pittsburgh,USA,USA,70,182,Trocheck,Vincent,C/RW,FLA,82,23,31,102473,20.82
823,25.07.1989,Grosse Pointe Woods,USA,USA,72,185,Tropp,Corey,RW/LW,ANA,1,0,0,568,9.47
824,26.02.1994,Rochester,USA,USA,75,202,Trouba,Jacob,D,WPG,60,8,25,89868,24.95
825,30.08.1994,Yekaterinburg,RUS,RUS,79,265,Tryamkin,Nikita,D,VAN,66,2,7,66291,16.73
826,10.05.1996,Syracuse,USA,USA,76,222,Tuch,Alex,RW,MIN,6,0,0,3853,10.7
827,14.08.1989,New Westminster,CAN,CAN,73,190,Turris,Kyle,C,OTT,78,27,28,91261,19.5
828,25.02.1992,Orland Park,USA,USA,68,165,Tynan,T.J.,C/RW,CBJ,3,0,0,1347,7.48
829,19.07.1983,Izhevsk,RUS,RUS,74,221,Tyutin,Fedor,D,COL,69,1,12,78405,18.93
830,07.10.1983,Fort McMurray,CAN,CAN,72,200,Upshall,Scottie,RW/LW,STL,73,10,8,48107,10.98
831,04.05.1989,Middletown,USA,USA,75,210,van Riemsdyk,James,LW,TOR,82,29,33,78179,15.82
832,24.07.1991,Middletown,USA,USA,74,188,van Riemsdyk,Trevor,D,CHI,58,5,11,64062,18.42
833,15.03.1987,Moorhead,USA,USA,74,190,VandeVelde,Chris,C/LW,PHI,81,6,9,56187,11.57
834,19.01.1984,Vienna,AUT,AUT,74,214,Vanek,Thomas,LW/RW,DET/FLA,68,17,31,58769,14.4
835,04.12.1990,Vaughan,CAN,CAN,70,193,Varone,Phil,C,OTT,7,0,0,3351,7.95
836,03.06.1991,Jyväskylä,FIN,FIN,70,183,Vatanen,Sami,D,ANA,71,3,21,92289,21.67
837,14.03.1994,East Longmeadow,USA,USA,69,201,Vatrano,Frank,C/LW,BOS,44,10,8,35581,13.4
838,25.02.1993,SAUGUS,USA,USA,70,194,Vecchione,Mike,C/RW,PHI,2,0,0,1020,8.5
839,20.07.1982,St. Agapit,CAN,CAN,73,198,Vermette,Antoine,C/LW,ANA,72,9,19,68703,15.9
840,05.02.1992,Bern,CHE,CHE,71,192,Vermin,Joel,RW,T.B,18,0,3,11801,10.93
841,13.05.1986,Lethbridge,CAN,CAN,71,176,Versteeg,Kris,RW/LW,CGY,69,15,22,60971,14.73
842,26.05.1993,Boston,USA,USA,75,207,Vesey,Jimmy,LW,NYR,80,16,11,65442,13.63
843,17.07.1991,Wakaw,CAN,CAN,72,189,Vey,Linden,RW/C,CGY,4,0,0,2644,11.02
844,17.08.1996,New Westminster,CAN,CAN,73,229,Virtanen,Jake,RW,VAN,10,0,1,6087,10.15
845,30.03.1987,Montreal,CAN,CAN,73,205,Vlasic,Marc-Edouard,D,S.J,75,6,22,95555,21.07
846,15.08.1989,Kladno,CZE,CZE,74,214,Voracek,Jakub,RW,PHI,82,20,41,93911,19.07
847,28.02.1996,Prague,CZE,CZE,72,195,Vrana,Jakub,LW,WSH,21,3,3,13997,11.12
848,13.06.1981,Mlada Boleslav,CZE,CZE,73,194,Vrbata,Radim,RW,ARI,81,20,35,82121,16.9
849,27.05.1991,Walpole,USA,USA,72,195,Wagner,Chris,C/RW,ANA,43,6,1,24142,9.35
850,05.09.1995,Umea,SWE,SWE,72,176,Wallmark,Lucas,C,CAR,8,0,2,5216,10.87
851,02.12.1980,North York,CAN,CAN,73,225,Ward,Joel,RW/C,S.J,78,10,19,74613,15.83
852,30.05.1990,Marshfield,USA,USA,69,170,Warsofsky,David,D,PIT,7,0,1,6608,15.73
853,13.01.1992,Ann Arbor,USA,USA,76,204,Watson,Austin,LW,NSH,77,5,12,57408,12.42
854,15.04.1992,North Vancouver,CAN,CAN,70,179,Weal,Jordan,C/LW,PHI,23,8,4,19749,14.32
855,14.08.1985,Sicamous,CAN,CAN,76,232,Weber,Shea,D,MTL,78,17,25,117286,25.07
856,23.09.1988,Morges,CHE,CHE,71,200,Weber,Yannick,D,NSH,73,1,7,52209,11.92
857,07.01.1994,Ottawa,CAN,CAN,72,212,Weegar,Mackenzie,D,FLA,3,0,0,3140,17.45
858,05.08.1988,Winnipeg,CAN,CAN,74,206,Weise,Dale,RW,PHI,64,8,7,49466,12.88
859,22.09.1994,Stockholm,SWE,SWE,74,196,Wennberg,Alex,C,CBJ,80,13,46,88212,18.38
860,19.07.1997,Grosse Pointe,USA,USA,74,218,Werenski,Zach,D,CBJ,78,11,36,97864,20.92
861,31.08.1986,Plymouth,USA,USA,77,225,Wheeler,Blake,RW,WPG,82,26,48,99099,20.15
862,30.01.1997,Boston,USA,USA,72,183,White,Colin,C/D,OTT,2,0,0,1645,13.72
863,17.03.1988,Brandon,CAN,CAN,72,200,White,Ryan,C,ARI/MIN,65,9,7,41566,10.65
864,07.01.1990,St. Louis,USA,USA,70,180,Wideman,Chris,D,OTT,76,5,12,63657,13.97
865,20.03.1983,Kitchener,CAN,CAN,72,202,Wideman,Dennis,D,CGY,57,5,13,69185,20.23
866,12.09.1990,Burnaby,CAN,CAN,77,202,Wiercioch,Patrick,D,COL,57,4,8,56999,16.68
867,04.10.1981,Cobourg,CAN,CAN,73,188,Williams,Justin,RW,WSH,80,24,24,74288,15.48
868,20.10.1989,Greenwich,USA,USA,73,221,Wilson,Colin,LW/C,NSH,70,12,23,62821,14.95
869,24.04.1992,Oakville,CAN,CAN,71,183,Wilson,Scott,LW/C,PIT,78,8,18,51220,10.95
870,29.03.1994,Toronto,CAN,CAN,76,217,Wilson,Tom,RW,WSH,82,7,12,63592,12.93
871,12.04.1988,Evanston,USA,USA,72,200,Wingels,Tommy,C/RW/LW,OTT/S.J,73,7,5,45998,10.5
872,06.03.1985,Toronto,CAN,CAN,74,206,Winnik,Daniel,LW/C,WSH,72,12,13,55793,12.92
873,14.04.1990,Holland,USA,USA,74,217,Witkowski,Luke,D,T.B,34,0,4,20136,9.87
874,13.09.1995,Buffalo,USA,USA,74,195,Wood,Miles,LW,N.J,60,8,9,46269,12.85
875,12.03.1993,Burnaby,CAN,CAN,74,207,Wotherspoon,Tyler,D,CGY,4,0,0,2616,10.9
876,06.10.1993,Nizhnekamsk,RUS,RUS,71,195,Yakupov,Nail,RW/LW,STL,40,3,6,25553,10.67
877,09.09.1986,Boston,USA,USA,73,196,Yandle,Keith,D,FLA,82,5,36,108436,22.03
878,06.04.1997,Brno,CZE,CZE,75,210,Zacha,Pavel,C,N.J,70,8,16,60093,14.45
879,16.04.1995,Moscow,RUS,RUS,77,230,Zadorov,Nikita,D,COL,56,0,10,63960,19.03
880,29.10.1991,Moscow,RUS,RUS,74,195,Zaitsev,Nikita,D,TOR,82,4,32,108332,21.85
881,13.05.1985,Winnipeg,CAN,CAN,74,185,Zajac,Travis,C,N.J,80,14,31,94682,19.58
882,18.08.1992,New Hartford,USA,USA,74,205,Zalewski,Michael,LW/C,VAN,1,0,0,483,8.05
883,09.10.1980,Njurunda,SWE,SWE,72,197,Zetterberg,Henrik,LW/C,DET,82,17,51,97008,19.7
884,18.04.1993,Huddinge,SWE,SWE,74,215,Zibanejad,Mika,C/RW,NYR,56,14,23,57362,17.07
885,01.09.1987,Toronto,CAN,CAN,71,180,Zolnierczyk,Harry,LW,NSH,24,2,2,12776,8.87
886,01.09.1987,Oslo,NOR,NOR,67,179,Zuccarello,Mats,RW/C/LW,NYR,80,15,44,90378,18.83
887,16.01.1992,Newport Beach,USA,USA,71,187,Zucker,Jason,LW/RW,MIN,79,22,25,72455,15.28
888,15.05.1995,St. Petersburg,RUS,RUS,73,224,Zykov,Valentin,LW,CAR,2,1,0,750,6.25
